VDATE,GLOBAL_INTRA_DECOR_OVERLAY,TL1_GLOBAL_TREND_OVERLAY,TL9_INTRA,TL2_FUTURES,SPREAD_COMB_US,TL2_HIGHVASSETS,TL5_INTRA_LS,TL3_INTRA,TL7_INTRA_QUATERLY,HTTS_SHORT_ONLY,HTTS_DEFENSIVE,INTRA_CORRELATION,TL1_INTRA_TRAILLING,TL3_NON_CORRELATED,GLOBAL_INTRA_COR_OVERLAY,TL3_MULTIOPTSHORT,TL10_INTRA_ZONE,TL4_INTRA_LS,TL2_INVERSE_CORR,SPREAD_US_2,TL2_INTRA,TL2_NON_CORR,INTRA_DECORRELATION_500,TL2_POSITIVE_CORR,INTRA_INVERSE_500,THR,TEAM_LEADER_3,HTTS_SPREAD_3,HTTS_SHORT_COMBINED,HTTS_TOP1000,SPREAD_US_OVERLAY,SPREAD_INDEX_OVERLAY,HTTS_BIGBASKET_DECORR,INTRA_BONDS,SPREAD_COMMODITY_OVERLAY,HTTS_BIGBASKET_CORR,INTRA_COMMODITY,HTTS_BIG_FUT_INDIA_OVERLAY,TOP_1000_ORIGINAL,TOP_1000_OVERLAY,TOP_250_DECOR_OVERLAY,TOP_500_COR_OVERLAY
24-05-2022,0,0,0,0,0,0,0,0,0,0,0,0,0,0,0,0,0,0,0,0,0,0,0,0,0,0,-796.1384,0,0,0,0,0,0,0,0,0,0,0,0,0,0,0
25-05-2022,0,0,0,0,0,0,0,0,0,0,0,0,0,0,0,0,0,0,0,0,0,0,0,0,0,0,933.9814,0,0,0,0,0,0,0,0,0,0,0,0,0,0,0
26-05-2022,0,0,0,0,0,0,0,0,0,0,0,0,0,0,0,0,0,0,0,0,0,0,0,0,0,0,133.9799875,0,0,0,0,0,0,0,0,0,0,0,0,0,0,0
27-05-2022,0,0,0,0,0,0,0,0,0,0,0,0,0,0,0,0,0,0,0,0,0,0,0,0,0,0,241.54,0,0,0,0,0,0,0,0,0,0,0,0,0,0,0
30-05-2022,0,0,0,0,0,0,0,0,0,0,0,0,0,0,0,0,0,0,0,0,0,0,0,0,0,0,-217.22,0,0,0,0,0,0,0,0,0,0,0,0,0,0,0
31-05-2022,0,0,0,0,0,0,0,0,0,0,0,0,0,0,0,0,0,0,0,0,0,0,0,0,0,0,-4006.438275,0,0,0,0,0,0,0,0,0,0,0,0,0,0,0
01-06-2022,0,0,0,0,0,0,0,0,0,0,0,0,0,0,0,0,0,0,0,0,0,0,0,0,0,0,4899.067875,0,0,0,0,0,0,0,0,0,0,0,0,0,0,0
02-06-2022,0,0,0,0,0,0,0,0,0,0,0,0,0,0,0,0,0,0,0,0,0,0,0,0,0,0,3772.711,0,0,0,0,0,0,0,0,0,0,0,0,0,0,0
03-06-2022,0,0,0,0,0,0,0,0,0,0,0,0,0,0,0,0,0,0,0,0,0,0,0,0,0,0,890.3499,0,0,0,0,0,0,0,0,0,0,0,0,0,0,0
06-06-2022,0,0,0,0,0,0,0,0,0,0,0,0,0,0,0,0,0,0,0,0,0,0,0,0,0,0,-143.45,0,0,0,0,0,0,0,0,0,0,0,0,0,0,0
07-06-2022,0,0,0,0,0,0,0,0,0,0,0,0,0,0,0,0,0,0,0,0,0,0,0,0,0,0,-2058.32,0,0,0,0,0,0,0,0,0,0,0,0,0,0,0
08-06-2022,0,0,0,0,0,0,0,0,0,0,0,0,0,0,0,0,0,0,0,0,0,0,0,0,0,0,1363.15,0,0,0,0,0,0,0,0,0,0,0,0,0,0,0
09-06-2022,0,0,0,0,0,0,0,0,0,0,0,0,0,0,0,0,0,0,0,0,0,0,0,0,0,0,578.12,0,0,0,0,0,0,0,0,0,0,0,0,0,0,0
10-06-2022,0,0,0,0,0,0,0,0,0,0,0,0,0,0,0,0,0,0,0,0,0,0,0,0,0,0,875.43,0,0,0,0,0,0,0,0,0,0,0,0,0,0,0
13-06-2022,0,0,0,0,0,0,0,0,0,0,0,0,0,0,0,0,0,0,0,0,0,0,0,0,0,0,896.11,0,0,0,0,0,0,0,0,0,0,0,0,0,0,0
14-06-2022,0,0,0,0,0,0,0,0,0,0,0,0,0,0,0,0,0,0,0,0,0,0,0,0,0,0,7309.01,0,0,0,0,0,0,0,0,0,0,0,0,0,0,0
15-06-2022,0,0,0,0,0,0,0,0,0,0,0,0,0,0,0,0,0,0,0,0,0,0,0,0,0,0,2119.04,0,0,0,0,0,0,0,0,0,0,0,0,0,0,0
16-06-2022,0,0,0,0,0,0,0,0,0,0,0,0,0,0,0,0,0,0,0,0,0,0,0,0,0,0,4272.397528,0,0,0,0,0,0,0,0,0,0,0,0,0,0,0
17-06-2022,0,0,0,0,0,0,0,0,0,0,0,0,0,0,0,0,0,0,0,0,0,0,0,0,0,0,-14570.98917,0,0,0,0,0,0,0,0,0,0,0,0,0,0,0
20-06-2022,0,0,0,0,0,0,0,0,0,0,0,0,0,0,0,0,0,0,0,0,0,0,0,0,0,0,5.80692,0,0,0,0,0,0,0,0,0,0,0,0,0,0,0
21-06-2022,0,0,0,0,0,0,0,0,0,0,0,0,0,0,0,0,0,0,0,0,0,0,0,0,0,0,892.598168,0,0,0,0,0,0,0,0,0,0,0,0,0,0,0
22-06-2022,0,0,0,0,0,0,0,0,0,0,0,0,0,0,0,0,0,0,0,0,0,0,0,0,0,0,2403.63396,0,0,0,0,0,0,0,0,0,0,0,0,0,0,0
23-06-2022,0,0,0,0,0,0,0,0,0,0,0,0,0,0,0,0,0,0,0,0,0,0,0,0,0,0,-11971.73652,0,0,0,0,0,0,0,0,0,0,0,0,0,0,0
24-06-2022,0,0,0,0,0,0,0,0,0,0,0,0,0,0,0,0,0,0,0,0,0,0,0,0,0,0,290.761548,0,0,0,0,0,0,0,0,0,0,0,0,0,0,0
27-06-2022,0,0,0,0,0,0,0,0,0,0,0,0,0,0,0,0,0,0,0,0,0,0,0,0,0,0,5700.769237,0,0,0,0,0,0,0,0,0,0,0,0,0,0,0
28-06-2022,0,0,0,0,0,0,0,0,0,0,0,0,0,0,0,0,0,0,0,0,0,0,0,0,0,0,-105.241553,0,0,0,0,0,0,0,0,0,0,0,0,0,0,0
29-06-2022,0,0,0,0,0,0,0,0,0,0,0,0,0,0,0,0,0,0,0,0,0,0,0,0,0,0,-864.379249,0,0,0,0,0,0,0,0,0,0,0,0,0,0,0
30-06-2022,0,0,0,0,0,0,0,0,0,0,0,0,0,0,0,0,0,0,0,0,0,0,0,0,0,0,-12252.5523,0,0,0,0,0,0,0,0,0,0,0,0,0,0,0
01-07-2022,0,0,0,0,0,0,0,0,0,0,0,0,0,0,0,0,0,0,0,0,0,0,0,0,0,0,1273.911039,0,0,0,0,0,0,0,0,0,0,0,0,0,0,0
04-07-2022,0,0,0,0,0,0,0,0,0,0,0,0,0,0,0,0,0,0,0,0,0,0,0,0,0,0,-2.097199,0,0,0,0,0,0,0,0,0,0,0,0,0,0,0
05-07-2022,0,0,0,0,0,0,0,0,0,0,0,0,0,0,0,0,0,0,0,0,0,0,0,0,0,0,4372.377302,0,0,0,0,0,0,0,0,0,0,0,0,0,0,0
06-07-2022,0,0,0,0,0,0,0,0,0,0,0,0,0,0,0,0,0,0,0,0,0,0,0,0,0,0,-869.542423,0,0,0,0,0,0,0,0,0,0,0,0,0,0,0
07-07-2022,0,0,0,0,0,0,0,0,0,0,0,0,0,0,0,0,0,0,0,0,0,0,0,0,0,0,-275.371226,0,0,0,0,0,0,0,0,0,0,0,0,0,0,0
08-07-2022,0,0,0,0,0,0,0,0,0,0,0,0,0,0,0,0,0,0,0,0,0,0,0,0,0,0,38.18765,0,0,0,0,0,0,0,0,0,0,0,0,0,0,0
11-07-2022,0,0,0,0,0,0,0,0,0,0,0,0,0,0,0,0,0,0,0,0,0,0,0,0,0,0,920.660524,0,0,0,0,0,0,0,0,0,0,0,0,0,0,0
12-07-2022,0,0,0,0,0,0,0,0,0,0,0,0,0,0,0,0,0,0,0,0,0,0,0,0,0,0,-5704.230794,0,0,0,0,0,0,0,0,0,0,0,0,0,0,0
13-07-2022,0,0,0,0,0,0,0,0,0,0,0,0,0,0,0,0,0,0,0,0,0,0,0,0,0,0,-506.185882,0,0,0,0,0,0,0,0,0,0,0,0,0,0,0
14-07-2022,0,0,0,0,0,0,0,0,0,0,0,0,0,0,0,0,0,0,0,0,0,0,0,0,0,0,28.051596,0,0,0,0,0,0,0,0,0,0,0,0,0,0,0
15-07-2022,0,0,0,0,0,0,0,0,0,0,0,0,0,0,0,0,0,0,0,0,0,0,0,0,0,0,-1524.342856,0,0,0,0,0,0,0,0,0,0,0,0,0,0,0
18-07-2022,0,0,0,0,0,0,0,0,0,0,0,0,0,0,0,0,0,0,0,0,0,0,0,0,0,0,-18395.72373,0,0,0,0,0,0,0,0,0,0,0,0,0,0,0
19-07-2022,0,0,0,0,0,0,0,0,0,0,0,0,0,0,0,0,0,0,0,0,0,0,0,0,0,0,9203.946174,0,0,0,0,0,0,0,0,0,0,0,0,0,0,0
20-07-2022,0,0,0,0,0,0,0,0,0,0,0,0,0,0,0,0,0,0,0,0,0,0,0,0,0,0,19055.89735,0,0,0,0,0,0,0,0,0,0,0,0,0,0,0
21-07-2022,0,0,0,0,0,0,0,0,0,0,0,0,0,0,0,0,0,0,0,0,0,0,0,0,0,0,-2545.32315,0,0,0,0,0,0,0,0,0,0,0,0,0,0,0
22-07-2022,0,0,0,0,0,0,0,0,0,0,0,0,0,0,0,0,0,0,0,0,0,0,0,0,0,0,-6619.953906,0,0,0,0,0,0,0,0,0,0,0,0,0,0,0
25-07-2022,0,0,0,0,0,0,0,0,0,0,0,0,0,0,0,0,0,0,0,0,0,0,0,0,0,0,784.697076,0,0,0,0,0,0,0,0,0,0,0,0,0,0,0
26-07-2022,0,0,0,0,0,0,0,0,0,0,0,0,0,0,0,0,0,0,0,0,0,0,0,0,0,0,-8712.733138,0,0,0,0,0,0,0,0,0,0,0,0,0,0,0
27-07-2022,0,0,0,0,0,0,0,0,0,0,0,0,0,0,0,0,0,0,0,0,0,0,0,0,0,0,4314.798397,0,0,0,0,0,0,0,0,0,0,0,0,0,0,0
28-07-2022,0,0,0,0,0,0,0,0,0,0,0,0,0,0,0,0,0,0,0,0,0,0,0,0,0,0,-251.080567,0,0,0,0,0,0,0,0,0,0,0,0,0,0,0
29-07-2022,0,0,0,0,0,0,0,0,0,0,0,0,0,0,0,0,0,0,0,0,0,0,0,0,0,0,28800.06288,0,0,0,0,0,0,0,0,0,0,0,0,0,0,0
01-08-2022,0,0,0,0,0,0,0,0,0,0,0,0,0,0,0,0,0,0,0,0,0,0,0,0,0,0,-68.39642,0,0,0,0,0,0,0,0,0,0,0,0,0,0,0
02-08-2022,0,0,0,0,0,0,0,0,0,0,0,0,0,0,0,0,0,0,0,0,0,0,0,0,0,0,-4020.623644,0,0,0,0,0,0,0,0,0,0,0,0,0,0,0
03-08-2022,0,0,0,0,0,0,0,0,0,0,0,0,0,0,0,0,0,0,0,0,0,0,0,0,0,0,13156.75956,0,0,0,0,0,0,0,0,0,0,0,0,0,0,0
04-08-2022,0,0,0,0,0,0,0,0,0,0,0,0,0,0,0,0,0,0,0,0,0,0,0,0,0,0,1452.23464,0,0,0,0,0,0,0,0,0,0,0,0,0,0,0
05-08-2022,0,0,0,0,0,0,0,0,0,0,0,0,0,0,0,0,0,0,0,0,0,0,0,0,0,0,-2254.08627,0,0,0,0,0,0,0,0,0,0,0,0,0,0,0
08-08-2022,0,0,0,0,0,0,0,0,0,0,0,0,0,0,0,0,0,0,0,0,0,0,0,0,0,0,-2164.292746,0,0,0,0,0,0,0,0,0,0,0,0,0,0,0
09-08-2022,0,0,0,0,0,0,0,0,0,0,0,0,0,0,0,0,0,0,0,0,0,0,0,0,0,0,1067.360044,0,0,0,0,0,0,0,0,0,0,0,0,0,0,0
10-08-2022,0,0,0,0,0,0,0,0,0,0,0,0,0,0,0,0,0,0,0,0,0,0,0,0,0,0,-2727.802012,0,0,0,0,0,0,0,0,0,0,0,0,0,0,0
11-08-2022,0,0,0,0,0,0,0,0,0,0,0,0,0,0,0,0,0,0,0,0,0,0,0,0,0,0,-17923.40717,0,0,0,0,0,0,0,0,0,0,0,0,0,0,0
12-08-2022,0,0,0,0,0,0,0,0,0,0,0,0,0,0,0,0,0,0,0,0,0,0,0,0,0,0,22090.84485,0,0,0,0,0,0,0,0,0,0,0,0,0,0,0
15-08-2022,0,0,0,0,0,0,0,0,0,0,0,0,0,0,0,0,0,0,0,0,0,0,0,0,0,0,5817.774758,0,0,0,0,0,0,0,0,0,0,0,0,0,0,0
16-08-2022,0,0,0,0,0,0,0,0,0,0,0,0,0,0,0,0,0,0,0,0,0,0,0,0,0,0,8699.536138,0,0,0,0,0,0,0,0,0,0,0,0,0,0,0
17-08-2022,0,0,0,0,0,0,0,0,0,0,0,0,0,0,0,0,0,0,0,0,0,0,0,0,0,0,77.014464,0,0,0,0,0,0,0,0,0,0,0,0,0,0,0
18-08-2022,0,0,0,0,0,0,0,0,0,0,0,0,0,0,0,0,0,0,0,0,0,0,0,0,0,0,-1887.071336,0,0,0,0,0,0,0,0,0,0,0,0,0,0,0
19-08-2022,0,0,0,0,0,0,0,0,0,0,0,0,0,0,0,0,0,0,0,0,0,0,0,0,0,0,1215.145196,0,0,0,0,0,0,0,0,0,0,0,0,0,0,0
22-08-2022,0,0,0,0,0,0,0,0,0,0,0,0,0,0,0,0,0,0,0,0,0,0,0,0,0,0,1729.795472,0,0,0,0,0,0,0,0,0,0,0,0,0,0,0
23-08-2022,0,0,0,0,0,0,0,0,0,0,0,0,0,0,0,0,0,0,0,0,0,0,0,0,0,0,106.1164014,0,0,0,0,0,0,0,0,0,0,0,0,0,0,0
24-08-2022,0,0,0,0,0,0,0,0,0,0,0,0,0,0,0,0,0,0,0,0,0,0,0,0,0,0,2011.587409,0,0,0,0,0,0,0,0,0,0,0,0,0,0,0
25-08-2022,0,0,0,0,0,0,0,0,0,0,0,0,0,0,0,0,0,0,0,0,0,0,0,0,0,0,-3315.890851,0,0,0,0,0,0,0,0,0,0,0,0,0,0,0
26-08-2022,0,0,0,0,0,0,0,0,0,0,0,0,0,0,0,0,0,0,0,0,0,0,0,0,0,0,351.028355,0,0,0,0,0,0,0,0,0,0,0,0,0,0,0
29-08-2022,0,0,0,0,0,0,0,0,0,0,0,0,0,0,0,0,0,0,0,0,0,0,0,0,0,0,20.171752,0,0,0,0,0,0,0,0,0,0,0,0,0,0,0
30-08-2022,0,0,0,0,0,0,0,0,0,0,0,0,0,0,0,0,0,0,0,0,0,0,0,0,0,0,-1120.013861,0,0,0,0,0,0,0,0,0,0,0,0,0,0,0
31-08-2022,0,0,0,0,0,0,0,0,0,0,0,0,0,0,0,0,0,0,0,0,0,0,0,0,0,0,-3116.670124,0,0,0,0,0,0,0,0,0,0,0,0,0,0,0
01-09-2022,0,0,0,0,0,0,0,0,0,0,0,0,0,0,0,0,0,0,0,0,0,0,0,0,0,0,2093.321618,0,0,0,0,0,0,0,0,0,0,0,0,0,0,0
02-09-2022,0,0,0,0,0,0,0,0,0,0,0,0,0,0,0,0,0,0,0,0,0,0,0,0,0,0,-7406.71527,0,0,0,0,0,0,0,0,0,0,0,0,0,0,0
05-09-2022,0,0,0,0,0,0,0,0,0,0,0,0,0,0,0,0,0,0,0,0,0,0,0,0,0,0,-667.577,0,0,0,0,0,0,0,0,0,0,0,0,0,0,0
06-09-2022,0,0,0,0,0,0,0,0,0,0,0,0,0,0,0,0,0,0,0,0,0,0,0,0,0,0,-391.2313916,0,0,0,0,0,0,0,0,0,0,0,0,0,0,0
07-09-2022,0,0,0,0,0,0,0,0,0,0,0,0,0,0,0,0,0,0,0,0,0,0,0,0,0,0,1298.995841,0,0,0,0,0,0,0,0,0,0,0,0,0,0,0
08-09-2022,0,0,0,0,0,0,0,0,0,0,0,0,0,0,0,0,0,0,0,0,0,0,0,0,0,0,-195.937504,0,0,0,0,0,0,0,0,0,0,0,0,0,0,0
09-09-2022,0,0,0,0,0,0,0,0,0,0,0,0,0,0,0,0,0,0,0,0,0,0,0,0,0,0,-2491.205665,0,0,0,0,0,0,0,0,0,0,0,0,0,0,0
12-09-2022,0,0,0,0,0,0,0,0,0,0,0,0,0,0,0,0,0,0,0,0,0,0,0,0,0,0,12980.88474,0,0,0,0,0,0,0,0,0,0,0,0,0,0,0
13-09-2022,0,0,0,0,0,0,0,0,0,0,0,0,0,0,0,0,0,0,0,0,0,0,0,0,0,0,-5640.395044,0,0,0,0,0,0,0,0,0,0,0,0,0,0,0
14-09-2022,0,0,0,0,0,0,0,0,0,0,0,0,0,0,0,0,0,0,0,0,0,0,0,0,0,0,-6512.140473,0,0,0,0,0,0,0,0,0,0,0,0,0,0,0
15-09-2022,0,0,0,0,0,0,0,0,0,0,0,0,0,0,0,0,0,0,0,0,0,0,0,0,0,0,14529.92371,0,0,0,0,0,0,0,0,0,0,0,0,0,0,0
16-09-2022,0,0,0,0,0,0,0,0,0,0,0,0,0,0,0,0,0,0,0,0,0,0,0,0,0,0,12329.34477,0,0,0,0,0,0,0,0,0,0,0,0,0,0,0
19-09-2022,0,0,0,0,0,0,0,0,0,0,0,0,0,0,0,0,0,0,0,0,0,0,0,0,0,0,10408.25382,0,0,0,0,0,0,0,0,0,0,0,0,0,0,0
20-09-2022,0,0,0,0,0,0,0,0,0,0,0,0,0,0,0,0,0,0,0,0,0,0,0,0,0,0,2904.361654,0,0,0,0,0,0,0,0,0,0,0,0,0,0,0
21-09-2022,0,0,0,0,0,0,0,0,0,0,0,0,0,0,0,0,0,0,0,0,0,0,0,0,0,0,2229.97065,0,0,0,0,0,0,0,0,0,0,0,0,0,0,0
22-09-2022,0,0,0,0,0,0,0,0,0,0,0,0,0,0,0,0,0,0,0,0,0,0,0,0,0,0,5003.566277,0,0,0,0,0,0,0,0,0,0,0,0,0,0,0
23-09-2022,0,0,0,0,0,0,0,0,0,0,0,0,0,0,0,0,0,0,0,0,0,0,0,0,0,0,16035.53034,0,0,0,0,0,0,0,0,0,0,0,0,0,0,0
26-09-2022,0,0,0,0,0,0,0,0,0,0,0,0,0,0,0,0,0,0,0,0,0,0,0,0,0,0,1398.336847,0,0,0,0,0,0,0,0,0,0,0,0,0,0,0
27-09-2022,0,0,0,0,0,0,0,0,0,0,0,0,0,0,0,0,0,0,0,0,0,0,0,0,0,0,4571.137684,0,0,0,0,0,0,0,0,0,0,0,0,0,0,0
28-09-2022,0,0,0,0,0,0,0,0,0,0,0,0,0,0,0,0,0,0,0,0,0,0,0,0,0,0,1823.995818,0,0,0,0,0,0,0,0,0,0,0,0,0,0,0
29-09-2022,0,0,0,0,0,0,0,0,0,0,0,0,0,0,0,0,0,0,0,0,0,0,0,0,0,0,-2929.927247,0,0,0,0,0,0,0,0,0,0,0,0,0,0,0
30-09-2022,0,0,0,0,0,0,0,0,0,0,0,0,0,0,0,0,0,0,0,0,0,0,0,0,0,0,-59.7175424,0,0,0,0,0,0,0,0,0,0,0,0,0,0,0
03-10-2022,0,0,0,0,0,0,0,0,0,0,0,0,0,0,0,0,0,0,0,0,0,0,0,0,0,0,2997.463301,0,0,0,0,0,0,0,0,0,0,0,0,0,0,0
04-10-2022,0,0,0,0,0,0,0,0,0,0,0,0,0,0,0,0,0,0,0,0,0,0,0,0,0,0,4600.682953,0,0,0,0,0,0,0,0,0,0,0,0,0,0,0
05-10-2022,0,0,0,0,0,0,0,0,0,0,0,0,0,0,0,0,0,0,0,0,0,0,0,0,0,0,-247.5259373,0,0,0,0,0,0,0,0,0,0,0,0,0,0,0
06-10-2022,0,0,0,0,0,0,0,0,0,0,0,0,0,0,0,0,0,0,0,0,0,0,0,0,0,0,5397.789395,0,0,0,0,0,0,0,0,0,0,0,0,0,0,0
07-10-2022,0,0,0,0,0,0,0,0,0,0,0,0,0,0,0,0,0,0,0,0,0,0,0,0,0,0,-1233.144732,0,0,0,0,0,0,0,0,0,0,0,0,0,0,0
10-10-2022,0,0,0,0,0,0,0,0,0,0,0,0,0,0,0,0,0,0,0,0,0,0,0,0,0,0,1725.069075,0,0,0,0,0,0,0,0,0,0,0,0,0,0,0
11-10-2022,0,0,0,0,0,0,0,0,0,0,0,0,0,0,0,0,0,0,0,0,0,0,0,0,0,0,-2595.851437,0,0,0,0,0,0,0,0,0,0,0,0,0,0,0
12-10-2022,0,0,0,0,0,0,0,0,0,0,0,0,0,0,0,0,0,0,0,0,0,0,0,0,0,0,-466.8622266,0,0,0,0,0,0,0,0,0,0,0,0,0,0,0
13-10-2022,0,0,0,0,0,0,0,0,0,0,0,0,0,0,0,0,0,0,0,0,0,0,0,0,0,0,4055.804524,0,0,0,0,0,0,0,0,0,0,0,0,0,0,0
14-10-2022,0,0,0,0,0,0,0,0,0,0,0,0,0,0,0,0,0,0,0,0,0,0,0,0,0,0,-529.925769,0,0,0,0,0,0,0,0,0,0,0,0,0,0,0
17-10-2022,0,0,0,0,0,0,0,0,0,0,0,0,0,0,0,0,0,0,0,0,0,0,0,0,0,0,-3895.324208,0,0,0,0,0,0,0,0,0,0,0,0,0,0,0
18-10-2022,0,0,0,0,0,0,0,0,0,0,0,0,0,0,0,0,0,0,0,0,0,0,0,0,0,0,-14301.75904,0,0,0,0,0,0,0,0,0,0,0,0,0,0,0
19-10-2022,0,0,0,0,0,0,0,0,0,0,0,0,0,0,0,0,0,0,0,0,0,0,0,0,0,0,-3369.563392,0,0,0,0,0,0,0,0,0,0,0,0,0,0,0
20-10-2022,0,0,0,0,0,0,0,0,0,0,0,0,0,0,0,0,0,0,0,0,0,0,0,0,0,0,-6483.16083,0,0,0,0,0,0,0,0,0,0,0,0,0,0,0
21-10-2022,0,0,0,0,0,0,0,0,0,0,0,0,0,0,0,0,0,0,0,0,0,0,0,0,0,0,6144.442845,0,0,0,0,0,0,0,0,0,0,0,0,0,0,0
24-10-2022,0,0,0,0,0,0,0,0,0,0,0,0,0,0,0,0,0,0,0,0,0,0,0,0,0,0,-402.238635,0,0,0,0,0,0,0,0,0,0,0,0,0,0,0
25-10-2022,0,0,0,0,0,0,0,0,0,0,0,0,0,0,0,0,0,0,0,0,0,0,0,0,0,0,2878.485715,0,0,0,0,0,0,0,0,0,0,0,0,0,0,0
26-10-2022,0,0,0,0,0,0,0,0,0,0,0,0,0,0,0,0,0,0,0,0,0,0,0,0,0,0,1701.918756,0,0,0,0,0,0,0,0,0,0,0,0,0,0,0
27-10-2022,0,0,0,0,0,0,0,0,0,0,0,0,0,0,0,0,0,0,0,0,0,0,0,0,0,0,-590.2547581,0,0,0,0,0,0,0,0,0,0,0,0,0,0,0
28-10-2022,0,0,0,0,0,0,0,0,0,0,0,0,0,0,0,0,0,0,0,0,0,0,0,0,0,0,-5087.635599,0,0,0,0,0,0,0,0,0,0,0,0,0,0,0
31-10-2022,0,0,0,0,0,0,0,0,0,0,0,0,0,0,0,0,0,0,0,0,0,0,0,0,0,0,-2767.779843,0,0,0,0,0,0,0,0,0,0,0,0,0,0,0
01-11-2022,0,0,0,0,0,0,0,0,0,0,0,0,0,0,0,0,0,0,0,0,0,0,0,0,0,0,-352.819609,0,0,0,0,0,0,0,0,0,0,0,0,0,0,0
02-11-2022,0,0,0,0,0,0,0,0,0,0,0,0,0,0,0,0,0,0,0,0,0,0,0,0,0,0,-119.2671773,0,0,0,0,0,0,0,0,0,0,0,0,0,0,0
03-11-2022,0,0,0,0,0,0,0,0,0,0,0,0,0,0,0,0,0,0,0,0,0,0,0,0,0,0,4289.230515,0,0,0,0,0,0,0,0,0,0,0,0,0,0,0
04-11-2022,0,0,0,0,0,0,0,0,0,0,0,0,0,0,0,0,0,0,0,0,0,0,0,0,0,0,9572.029146,0,0,0,0,0,0,0,0,0,0,0,0,0,0,0
07-11-2022,0,0,0,0,0,0,0,0,0,0,0,0,0,0,0,0,0,0,0,0,0,0,0,0,0,0,-2369.472236,0,0,0,0,0,0,0,0,0,0,0,0,0,0,0
08-11-2022,0,0,0,0,0,0,0,0,0,0,0,0,0,0,0,0,0,0,0,0,0,0,0,0,0,0,917.935276,0,0,0,0,0,0,0,0,0,0,0,0,0,0,0
09-11-2022,0,0,0,0,0,0,0,0,0,0,0,0,0,0,0,0,0,0,0,0,0,0,0,0,0,0,-3186.338562,0,0,0,0,0,0,0,0,0,0,0,0,0,0,0
10-11-2022,0,0,0,0,0,0,0,0,0,0,0,0,0,0,0,0,0,0,0,0,0,0,0,0,0,0,449.132491,0,0,0,0,0,0,0,0,0,0,0,0,0,0,0
11-11-2022,0,0,0,0,0,0,0,0,0,0,0,0,0,0,0,0,0,0,0,0,0,0,0,0,0,0,-1217.063278,0,0,0,0,0,0,0,0,0,0,0,0,0,0,0
14-11-2022,0,0,0,0,0,0,0,0,0,0,0,0,0,0,0,0,0,0,0,0,0,0,0,0,0,0,405.252024,0,0,0,0,0,0,0,0,0,0,0,0,0,0,0
15-11-2022,0,0,0,0,0,0,0,0,0,0,0,0,0,0,0,0,0,0,0,0,0,0,0,0,0,0,3616.631979,0,0,0,0,0,0,0,0,0,0,0,0,0,0,0
16-11-2022,0,0,0,0,0,0,0,0,0,0,0,0,0,0,0,0,0,0,0,0,0,0,0,0,0,0,100.681954,0,0,0,0,0,0,0,0,0,0,0,0,0,0,0
17-11-2022,0,0,0,0,0,0,0,0,0,0,0,0,0,0,0,0,0,0,0,0,0,0,0,0,0,0,57.97003,0,0,0,0,0,0,0,0,0,0,0,0,0,0,0
18-11-2022,0,0,0,0,0,0,0,0,0,0,0,0,0,0,0,0,0,0,0,0,0,0,0,0,0,0,-2157.967961,0,0,0,0,0,0,0,0,0,0,0,0,0,0,0
21-11-2022,0,0,0,0,0,0,0,0,0,0,0,0,0,0,0,0,0,0,0,0,0,0,0,0,0,0,-739.037916,0,0,0,0,0,0,0,0,0,0,0,0,0,0,0
22-11-2022,0,0,0,0,0,0,0,0,0,0,0,0,0,0,0,0,0,0,0,0,0,0,0,0,0,0,4332.653938,0,0,0,0,0,0,0,0,0,0,0,0,0,0,0
23-11-2022,0,0,0,0,0,0,0,0,0,0,0,0,0,0,0,0,0,0,0,0,0,0,0,0,0,0,-747.625967,0,0,0,0,0,0,0,0,0,0,0,0,0,0,0
24-11-2022,0,0,0,0,0,0,0,0,0,0,0,0,0,0,0,0,0,0,0,0,0,0,0,0,0,0,8.991584,0,0,0,0,0,0,0,0,0,0,0,0,0,0,0
25-11-2022,0,0,0,0,0,0,0,0,0,0,0,0,0,0,0,0,0,0,0,0,0,0,0,0,0,0,-757.083688,0,0,0,0,0,0,0,0,0,0,0,0,0,0,0
28-11-2022,0,0,0,0,0,0,0,0,0,0,0,0,0,0,0,0,0,0,0,0,0,0,0,0,0,0,2532.453534,0,0,0,0,0,0,0,0,0,0,0,0,0,0,0
29-11-2022,0,0,0,0,0,0,0,0,0,0,0,0,0,0,0,0,0,0,0,0,0,0,0,0,0,0,998.648286,0,0,0,0,0,0,0,0,0,0,0,0,0,0,0
30-11-2022,0,0,0,0,0,0,0,0,0,0,0,0,0,0,0,0,0,0,0,0,0,0,0,0,0,0,4743.778714,0,0,0,0,0,0,0,0,0,0,0,0,0,0,0
01-12-2022,0,0,0,0,0,0,0,0,0,0,0,0,0,0,0,0,0,0,0,0,0,0,0,0,0,0,145.17859,0,0,0,0,0,0,0,0,0,0,0,0,0,0,0
02-12-2022,0,0,0,0,0,0,0,0,0,0,0,0,0,0,0,0,0,0,0,0,0,0,0,0,0,0,-591.61445,0,0,0,0,0,0,0,0,0,0,0,0,0,0,0
05-12-2022,0,0,0,0,0,0,0,0,0,0,0,0,0,0,0,0,0,0,0,0,0,0,0,0,0,0,11323.55024,0,0,0,0,0,0,0,0,0,0,0,0,0,0,0
06-12-2022,0,0,0,0,0,0,0,0,0,0,0,0,0,0,0,0,0,0,0,0,0,0,0,0,0,0,1092.27763,0,0,0,0,0,0,0,0,0,0,0,0,0,0,0
07-12-2022,0,0,0,0,0,0,0,0,0,0,0,0,0,0,0,0,0,0,0,0,0,0,0,0,0,0,268.818555,0,0,0,0,0,0,0,0,0,0,0,0,0,0,0
08-12-2022,0,0,0,0,0,0,0,0,0,0,0,0,0,0,0,0,0,0,0,0,0,0,0,0,0,0,-331.92775,0,0,0,0,0,0,0,0,0,0,0,0,0,0,0
09-12-2022,0,0,0,0,0,0,0,0,0,0,0,0,0,0,0,0,0,0,0,0,0,0,0,0,0,0,-6473.938274,0,0,0,0,0,0,0,0,0,0,0,0,0,0,0
12-12-2022,0,0,0,0,0,0,0,0,0,0,0,0,0,0,0,0,0,0,0,0,0,0,0,0,0,0,-2595.014515,0,0,0,0,0,0,0,0,0,0,0,0,0,0,0
13-12-2022,0,0,0,0,0,0,0,0,0,0,0,0,0,0,0,0,0,0,0,0,0,0,0,0,0,0,-4845.835785,0,0,0,0,0,0,0,0,0,0,0,0,0,0,0
14-12-2022,0,0,0,0,0,0,0,0,0,0,0,0,0,0,0,0,0,0,0,0,0,0,0,0,0,0,53.437753,0,0,0,0,0,0,0,0,0,0,0,0,0,0,0
15-12-2022,0,0,0,0,0,0,0,0,0,0,0,0,0,0,0,0,0,0,0,0,0,0,0,0,0,0,-1142.020335,0,0,0,0,0,0,0,0,0,0,0,0,0,0,0
16-12-2022,0,0,0,0,0,0,0,0,0,0,0,0,0,0,0,0,0,0,0,0,0,0,0,0,0,0,7087.069023,0,0,0,0,0,0,0,0,0,0,0,0,0,0,0
19-12-2022,0,0,0,0,0,0,0,0,0,0,0,0,0,0,0,0,0,0,0,0,0,0,0,0,0,0,-2786.750963,0,0,0,0,0,0,0,0,0,0,0,0,0,0,0
20-12-2022,0,0,0,0,0,0,0,0,0,0,0,0,0,0,0,0,0,0,0,0,0,0,0,0,0,0,-4607.899351,0,0,0,0,0,0,0,0,0,0,0,0,0,0,0
21-12-2022,0,0,0,0,0,0,0,0,0,0,0,0,0,0,0,0,0,0,0,0,0,0,0,0,0,0,-1167.46194,0,0,0,0,0,0,0,0,0,0,0,0,0,0,0
22-12-2022,0,0,0,0,0,0,0,0,0,0,0,0,0,0,0,0,0,0,0,0,0,0,0,0,0,0,6339.560108,0,0,0,0,0,0,0,0,0,0,0,0,0,0,0
23-12-2022,0,0,0,0,0,0,0,0,0,0,0,0,0,0,0,0,0,0,0,0,0,0,0,0,0,0,184.864624,0,0,0,0,0,0,0,0,0,0,0,0,0,0,0
26-12-2022,0,0,0,0,0,0,0,0,0,0,0,0,0,0,0,0,0,0,0,0,0,0,0,0,0,0,15.870096,0,0,0,0,0,0,0,0,0,0,0,0,0,0,0
27-12-2022,0,0,0,0,0,0,0,0,0,0,0,0,0,0,0,0,0,0,0,0,0,0,0,0,0,0,347.444104,0,0,0,0,0,0,0,0,0,0,0,0,0,0,0
28-12-2022,0,0,0,0,0,0,0,0,0,0,0,0,0,0,0,0,0,0,0,0,0,0,0,0,0,0,66.843064,0,0,0,0,0,0,0,0,0,0,0,0,0,0,0
29-12-2022,0,0,0,0,0,0,0,0,0,0,0,0,0,0,0,0,0,0,0,0,0,0,0,0,0,0,121.667032,0,0,0,0,0,0,0,0,0,0,0,0,0,0,0
30-12-2022,0,0,0,0,0,0,0,0,0,0,0,0,0,0,0,0,0,0,0,0,0,0,0,0,0,0,116.617456,0,0,0,0,0,0,0,0,0,0,0,0,0,0,0
02-01-2023,0,0,0,0,0,0,0,0,0,0,0,0,0,0,0,0,0,0,0,0,0,0,0,0,0,0,-25.969248,0,0,0,0,0,0,0,0,0,0,0,0,0,0,0
03-01-2023,0,0,0,0,0,0,0,0,0,0,0,0,0,0,0,0,0,0,0,0,0,0,0,0,0,0,-374.03416,0,0,0,0,0,0,0,0,0,0,0,0,0,0,0
04-01-2023,0,0,0,0,0,0,0,0,0,0,0,0,0,0,0,0,0,0,0,0,0,0,0,0,0,0,59.206608,0,0,0,0,0,0,0,0,0,0,0,0,0,0,0
05-01-2023,0,0,0,0,0,0,0,0,0,0,0,0,0,0,0,0,0,0,0,0,0,0,0,0,0,0,26.029263,0,0,0,0,0,0,0,0,0,0,0,0,0,0,0
06-01-2023,0,0,0,0,0,0,0,0,0,0,0,0,0,0,0,0,0,0,0,0,0,0,0,0,0,0,175.95554,0,0,0,0,0,0,0,0,0,0,0,0,0,0,0
09-01-2023,0,0,0,0,0,0,0,0,0,0,0,0,0,0,0,0,0,0,0,0,0,0,0,0,0,0,322.286145,0,0,0,0,0,0,0,0,0,0,0,0,0,0,0
10-01-2023,0,0,0,0,0,0,0,0,0,0,0,0,0,0,0,0,0,0,0,0,0,0,0,0,0,0,88.674005,0,0,0,0,0,0,0,0,0,0,0,0,0,0,0
11-01-2023,0,0,0,0,0,0,0,0,0,0,0,0,0,0,0,0,0,0,0,0,0,0,0,0,0,0,101.658035,0,0,0,0,0,0,0,0,0,0,0,0,0,0,0
12-01-2023,0,0,0,0,0,0,0,0,0,0,0,0,0,0,0,0,0,0,0,0,0,0,0,0,0,0,155.75816,0,0,0,0,0,0,0,0,0,0,0,0,0,0,0
13-01-2023,0,0,0,0,0,0,0,0,0,0,0,0,0,0,0,0,0,0,0,0,0,0,0,0,0,0,72.804635,0,0,0,0,0,0,0,0,0,0,0,0,0,0,0
16-01-2023,0,0,0,0,0,0,0,0,0,0,0,0,0,0,0,0,0,0,0,0,0,0,0,0,0,0,-8.65602,0,0,0,0,0,0,0,0,0,0,0,0,0,0,0
17-01-2023,0,0,0,0,0,0,0,0,0,0,0,0,0,0,0,0,0,0,0,0,0,0,0,0,0,0,322.24,0,0,0,0,0,0,0,0,0,0,0,0,0,0,0
18-01-2023,0,0,0,0,0,0,0,0,0,0,0,0,0,0,0,0,0,0,0,0,0,0,0,0,0,0,90.84,0,0,0,0,0,0,0,0,0,0,0,0,0,0,0
19-01-2023,0,0,0,0,0,0,0,0,0,0,0,0,0,0,0,0,0,0,0,0,0,0,0,0,0,0,2491.86,0,0,0,0,0,0,0,0,0,0,0,0,0,0,0
20-01-2023,0,0,0,0,0,0,0,0,0,0,0,0,0,0,0,0,0,0,0,0,0,0,0,0,0,0,-2195.14,0,0,0,0,0,0,0,0,0,0,0,0,0,0,0
23-01-2023,0,0,0,0,0,0,0,0,0,0,0,0,0,0,0,0,0,0,0,0,0,0,0,0,0,0,271.791845,0,0,0,0,0,0,0,0,0,0,0,0,0,0,0
24-01-2023,0,0,0,0,0,0,0,0,0,0,0,0,0,0,0,0,0,0,0,0,0,0,0,0,0,0,1237.17056,0,0,0,0,0,0,0,0,0,0,0,0,0,0,0
25-01-2023,0,0,0,0,0,0,0,0,0,0,0,0,0,0,0,0,0,0,0,0,0,0,0,0,0,0,-2832.52818,0,0,0,0,0,0,0,0,0,0,0,0,0,0,0
26-01-2023,0,0,0,0,0,0,0,0,0,0,0,0,0,0,0,0,0,0,0,0,0,0,0,0,0,0,-4796.597504,0,0,0,0,0,0,0,0,0,0,0,0,0,0,0
27-01-2023,0,0,0,0,0,0,0,0,0,0,0,0,0,0,0,0,0,0,0,0,0,0,0,0,0,0,77.697768,0,0,0,0,0,0,0,0,0,0,0,0,0,0,0
30-01-2023,0,0,0,0,0,0,0,0,0,0,0,0,0,0,0,0,0,0,0,0,0,0,0,0,0,0,12067.44872,0,0,0,0,0,0,0,0,0,0,0,0,0,0,0
31-01-2023,0,0,0,0,0,0,0,0,0,0,0,0,0,0,0,0,0,0,0,0,0,0,0,0,0,0,1411.055841,0,0,0,0,0,0,0,0,0,0,0,0,0,0,0
01-02-2023,0,0,0,0,0,0,0,0,0,0,0,0,0,0,0,0,0,0,0,0,0,0,0,0,0,0,-1801.622032,0,0,0,0,0,0,0,0,0,0,0,0,0,0,0
02-02-2023,0,0,0,0,0,0,0,0,0,0,0,0,0,0,0,0,0,0,0,0,0,0,0,0,0,0,2824.25477,0,0,0,0,0,0,0,0,0,0,0,0,0,0,0
03-02-2023,0,0,0,0,0,0,0,0,0,0,0,0,0,0,0,0,0,0,0,0,0,0,0,0,0,0,-200.287815,0,0,0,0,0,0,0,0,0,0,0,0,0,0,0
06-02-2023,0,0,0,0,0,0,0,0,0,0,0,0,0,0,0,0,0,0,0,0,0,0,0,0,0,0,2274.750261,0,0,0,0,0,0,0,0,0,0,0,0,0,0,0
07-02-2023,0,0,0,0,0,0,0,0,0,0,0,0,0,0,0,0,0,0,0,0,0,0,0,0,0,0,-382.839569,0,0,0,0,0,0,0,0,0,0,0,0,0,0,0
08-02-2023,0,0,0,0,0,0,0,0,0,0,0,0,0,0,0,0,0,0,0,0,0,0,0,0,0,0,-0.646034,0,0,0,0,0,0,0,0,0,0,0,0,0,0,0
09-02-2023,0,0,0,0,0,0,0,0,0,0,0,0,0,0,0,0,0,0,0,0,0,0,0,0,0,0,-989.568794,0,0,0,0,0,0,0,0,0,0,0,0,0,0,0
10-02-2023,0,0,0,0,0,0,0,0,0,0,0,0,0,0,0,0,0,0,0,0,0,0,0,0,0,0,-392.89957,0,0,0,0,0,0,0,0,0,0,0,0,0,0,0
13-02-2023,0,0,0,0,0,0,0,0,0,0,0,0,0,0,0,0,0,0,0,0,0,0,0,0,0,0,-1547.078864,0,0,0,0,0,0,0,0,0,0,0,0,0,0,0
14-02-2023,0,0,0,0,0,0,0,0,0,0,0,0,0,0,0,0,0,0,0,0,0,0,0,0,0,0,-7750.252251,0,0,0,0,0,0,0,0,0,0,0,0,0,0,0
15-02-2023,0,0,0,0,0,0,0,0,0,0,0,0,0,0,0,0,0,0,0,0,0,0,0,0,0,0,8971.197968,0,0,0,0,0,0,0,0,0,0,0,0,0,0,0
16-02-2023,0,0,0,0,0,0,0,0,0,0,0,0,0,0,0,0,0,0,0,0,0,0,0,0,0,0,2969.744465,0,0,0,0,0,0,0,0,0,0,0,0,0,0,0
17-02-2023,0,0,0,0,0,0,0,0,0,0,0,0,0,0,0,0,0,0,0,0,0,0,0,0,0,0,-741.146411,0,0,0,0,0,0,0,0,0,0,0,0,0,0,0
20-02-2023,0,0,0,0,0,0,0,0,0,0,0,0,0,0,0,0,0,0,0,0,0,0,0,0,0,0,1.571319,0,0,0,0,0,0,0,0,0,0,0,0,0,0,0
21-02-2023,0,0,0,0,0,0,0,0,0,0,0,0,0,0,0,0,0,0,0,0,0,0,0,0,0,0,-1023.8993,0,0,0,0,0,0,0,0,0,0,0,0,0,0,0
22-02-2023,0,0,0,0,0,0,0,0,0,0,0,0,0,0,0,0,0,0,0,0,0,0,0,0,0,0,-2537.17239,0,0,0,0,0,0,0,0,0,0,0,0,0,0,0
23-02-2023,0,0,0,0,0,0,0,0,0,0,0,0,0,0,0,0,0,0,0,0,0,0,0,0,0,0,-12612.73825,0,0,0,0,0,0,0,0,0,0,0,0,0,0,0
24-02-2023,0,0,0,0,0,0,0,0,0,0,0,0,0,0,0,0,0,0,0,0,0,0,0,0,0,0,100.75692,0,0,0,0,0,0,0,0,0,0,0,0,0,0,0
27-02-2023,0,0,0,0,0,0,0,0,0,0,0,0,0,0,0,0,0,0,0,0,0,0,0,0,0,0,356.987854,0,0,0,0,0,0,0,0,0,0,0,0,0,0,0
28-02-2023,0,0,0,0,0,0,0,0,0,0,0,0,0,0,0,0,0,0,0,0,0,0,0,0,0,0,98.009852,0,0,0,0,0,0,0,0,0,0,0,0,0,0,0
01-03-2023,0,0,0,0,0,0,0,0,0,0,0,0,0,0,0,0,0,0,0,0,0,0,0,0,0,0,-16.260492,0,0,0,0,0,0,0,0,0,0,0,0,0,0,0
02-03-2023,0,0,0,0,0,0,0,0,0,0,0,0,0,0,0,0,0,0,0,0,0,0,0,0,0,0,-686.966076,0,0,0,0,0,0,0,0,0,0,0,0,0,0,0
03-03-2023,0,0,0,0,0,0,0,0,0,0,0,0,0,0,0,0,0,0,0,0,0,0,0,0,0,0,-4.41,0,0,0,0,0,0,0,0,0,0,0,0,0,0,0
06-03-2023,0,0,0,0,0,0,0,0,0,0,0,0,0,0,0,0,0,0,0,0,0,0,0,0,0,0,-5474.714244,0,0,0,0,0,0,0,0,0,0,0,0,0,0,0
07-03-2023,0,0,0,0,0,0,0,0,0,0,0,0,0,0,0,0,0,0,0,0,0,0,0,0,0,0,3149.391941,0,0,0,0,0,0,0,0,0,0,0,0,0,0,0
08-03-2023,0,0,0,0,0,0,0,0,0,0,0,0,0,0,0,0,0,0,0,0,0,0,0,0,0,0,-3517.899515,0,0,0,0,0,0,0,0,0,0,0,0,0,0,0
09-03-2023,0,0,0,0,0,0,0,0,0,0,0,0,0,0,0,0,0,0,0,0,0,0,0,0,0,0,8292.4,0,0,0,0,0,0,0,0,0,0,0,0,0,0,0
10-03-2023,0,0,0,0,0,0,0,0,0,0,0,0,0,0,0,0,0,0,0,0,0,0,0,0,0,0,2023.962634,0,0,0,0,0,0,0,0,0,0,0,0,0,0,0
13-03-2023,0,0,0,0,0,0,0,0,0,0,0,0,0,0,0,0,0,0,0,0,0,0,0,0,0,0,-1537.041633,0,0,0,0,0,0,0,0,0,0,0,0,0,0,0
14-03-2023,0,0,0,0,0,0,0,0,0,0,0,0,0,0,0,0,0,0,0,0,0,0,0,0,0,0,1830.65469,0,0,0,0,0,0,0,0,0,0,0,0,0,0,0
15-03-2023,0,0,0,0,0,0,0,0,0,0,0,0,0,0,0,0,0,0,0,0,0,0,0,0,0,0,5542.2,0,0,0,0,0,0,0,0,0,0,0,0,0,0,0
16-03-2023,0,0,0,0,0,0,0,0,0,0,0,0,0,0,0,0,0,0,0,0,0,0,0,0,0,0,181.82201,0,0,0,0,0,0,0,0,0,0,0,0,0,0,0
17-03-2023,0,0,0,0,0,0,0,0,0,0,0,0,0,0,0,0,0,0,0,0,0,0,0,0,0,0,8170.89638,0,0,0,0,0,0,0,0,0,0,0,0,0,0,0
20-03-2023,0,0,0,0,0,0,0,0,0,0,0,0,0,0,0,0,0,0,0,0,0,0,0,0,0,0,1868.143082,0,0,0,0,0,0,0,0,0,0,0,0,0,0,0
21-03-2023,0,0,0,0,0,0,0,0,0,0,0,0,0,0,0,0,0,0,0,0,0,0,0,0,0,0,2170.246166,0,0,0,0,0,0,0,0,0,0,0,0,0,0,0
22-03-2023,0,0,0,0,0,0,0,0,0,0,0,0,0,0,0,0,0,0,0,0,0,0,0,0,0,0,-3115.617245,0,0,0,0,0,0,0,0,0,0,0,0,0,0,0
23-03-2023,0,0,0,0,0,0,0,0,0,0,0,0,0,0,0,0,0,0,0,0,0,0,0,0,0,0,3656.22,0,0,0,0,0,0,0,0,0,0,0,0,0,0,0
24-03-2023,0,0,0,0,0,0,0,0,0,0,0,0,0,0,0,0,0,0,0,0,0,0,0,0,0,0,1921.633737,0,0,0,0,0,0,0,0,0,0,0,0,0,0,0
27-03-2023,0,0,0,0,0,0,0,0,0,0,0,0,0,0,0,0,0,0,0,0,0,0,0,0,0,0,-796.692986,0,0,0,0,0,0,0,0,0,0,0,0,0,0,0
28-03-2023,0,0,0,0,0,0,0,0,0,0,0,0,0,0,0,0,0,0,0,0,0,0,0,0,0,0,3614.620118,0,0,0,0,0,0,0,0,0,0,0,0,0,0,0
29-03-2023,0,0,0,0,0,0,0,0,0,0,0,0,0,0,0,0,0,0,0,0,0,0,0,0,0,0,3428.938503,0,0,0,0,0,0,0,0,0,0,0,0,0,0,0
30-03-2023,0,0,0,0,0,0,0,0,0,0,0,0,0,0,0,0,0,0,0,0,0,0,0,0,0,0,-1331.568683,0,0,0,0,0,0,0,0,0,0,0,0,0,0,0
31-03-2023,0,0,0,0,0,0,0,0,0,0,0,0,0,0,0,0,0,0,0,0,0,0,0,0,0,0,-2832.926286,0,0,0,0,0,0,0,0,0,0,0,0,0,0,0
03-04-2023,0,0,0,0,0,0,0,0,0,0,0,0,0,0,0,0,0,0,0,0,0,0,0,0,0,0,-5853.47242,0,0,0,0,0,0,0,0,0,0,0,0,0,0,0
04-04-2023,0,0,0,0,0,0,0,0,0,0,0,0,0,0,0,0,0,0,0,0,0,0,0,0,0,0,-1571.972059,0,0,0,0,0,0,0,0,0,0,0,0,0,0,0
05-04-2023,0,0,0,0,0,0,0,0,0,0,0,0,0,0,0,0,0,0,0,0,0,0,0,0,0,0,4963.71,0,0,0,0,0,0,0,0,0,0,0,0,0,0,0
06-04-2023,0,0,0,0,0,0,0,0,0,0,0,0,0,0,0,0,0,0,0,0,0,0,0,0,0,0,-525.746302,0,0,0,0,0,0,0,0,0,0,0,0,0,0,0
07-04-2023,0,0,0,0,0,0,0,0,0,0,0,0,0,0,0,0,0,0,0,0,0,0,0,0,0,0,384.781488,0,0,0,0,0,0,0,0,0,0,0,0,0,0,0
10-04-2023,0,0,0,0,0,0,0,0,0,0,0,0,0,0,0,0,0,0,0,0,0,0,0,0,0,0,1328.474092,0,0,0,0,0,0,0,0,0,0,0,0,0,0,0
11-04-2023,0,0,0,0,0,0,0,0,0,0,0,0,0,0,0,0,0,0,0,0,0,0,0,0,0,0,-1036.933492,0,0,0,0,0,0,0,0,0,0,0,0,0,0,0
12-04-2023,0,0,0,0,0,0,0,0,0,0,0,0,0,0,0,0,0,0,0,0,0,0,0,0,0,0,1371.8,0,0,0,0,0,0,0,0,0,0,0,0,0,0,0
13-04-2023,0,0,0,0,0,0,0,0,0,0,0,0,0,0,0,0,0,0,0,0,0,0,0,0,0,0,-55.197775,0,0,0,0,0,0,0,0,0,0,0,0,0,0,0
14-04-2023,0,0,0,0,0,0,0,0,0,0,0,0,0,0,0,0,0,0,0,0,0,0,0,0,0,0,-6162.57374,0,0,0,0,0,0,0,0,0,0,0,0,0,0,0
17-04-2023,0,0,0,0,0,0,0,0,0,0,0,0,0,0,0,0,0,0,0,0,0,0,0,0,0,0,4123.703835,0,0,0,0,0,0,0,0,0,0,0,0,0,0,0
18-04-2023,0,0,0,0,0,0,0,0,0,0,0,0,0,0,0,0,0,0,0,0,0,0,0,0,0,0,-1130.32323,0,0,0,0,0,0,0,0,0,0,0,0,0,0,0
19-04-2023,0,0,0,0,0,0,0,0,0,0,0,0,0,0,0,0,0,0,0,0,0,0,0,0,0,0,-27.181415,0,0,0,0,0,0,0,0,0,0,0,0,0,0,0
20-04-2023,0,0,0,0,0,0,0,0,0,0,0,0,0,0,0,0,0,0,0,0,0,0,0,0,0,0,-2527.757575,0,0,0,0,0,0,0,0,0,0,0,0,0,0,0
21-04-2023,0,0,0,0,0,0,0,0,0,0,0,0,0,0,0,0,0,0,0,0,0,0,0,0,0,0,32.65091,0,0,0,0,0,0,0,0,0,0,0,0,0,0,0
24-04-2023,0,0,0,0,0,0,0,0,0,0,0,0,0,0,0,0,0,0,0,0,0,0,0,0,0,0,524.61071,0,0,0,0,0,0,0,0,0,0,0,0,0,0,0
25-04-2023,0,0,0,0,0,0,0,0,0,0,0,0,0,0,0,0,0,0,0,0,0,0,0,0,0,0,-274.433135,0,0,0,0,0,0,0,0,0,0,0,0,0,0,0
26-04-2023,0,0,0,0,0,0,0,0,0,0,0,0,0,0,0,0,0,0,0,0,0,0,0,0,0,0,-1820.64933,0,0,0,0,0,0,0,0,0,0,0,0,0,0,0
27-04-2023,0,0,0,0,0,0,0,0,0,0,0,0,0,0,0,0,0,0,0,0,0,0,0,0,0,0,853.19583,0,0,0,0,0,0,0,0,0,0,0,0,0,0,0
28-04-2023,0,0,0,0,0,0,0,0,0,0,0,0,0,0,0,0,0,0,0,0,0,0,0,0,0,0,-18.63364,0,0,0,0,0,0,0,0,0,0,0,0,0,0,0
01-05-2023,0,0,0,0,0,0,0,0,0,0,0,0,0,0,0,0,0,0,0,0,0,0,0,0,0,0,-67.81707,0,0,0,0,0,0,0,0,0,0,0,0,0,0,0
02-05-2023,0,0,0,0,0,0,0,0,0,0,0,0,0,0,0,0,0,0,0,0,0,0,0,0,0,0,-6727.896516,0,0,0,0,0,0,0,0,0,0,0,0,0,0,0
03-05-2023,0,0,0,0,0,0,0,0,0,0,0,0,0,0,0,0,0,0,0,0,0,0,0,0,0,0,1126.821548,0,0,0,0,0,0,0,0,0,0,0,0,0,0,0
04-05-2023,0,0,0,0,0,0,0,0,0,0,0,0,0,0,0,0,0,0,0,0,0,0,0,0,0,0,-5029.337576,0,0,0,0,0,0,0,0,0,0,0,0,0,0,0
05-05-2023,0,0,0,0,0,0,0,0,0,0,0,0,0,0,0,0,0,0,0,0,0,0,0,0,0,0,237.328636,0,0,0,0,0,0,0,0,0,0,0,0,0,0,0
08-05-2023,0,0,0,0,0,0,0,0,0,0,0,0,0,0,0,0,0,0,0,0,0,0,0,0,0,0,990.30068,0,0,0,0,0,0,0,0,0,0,0,0,0,0,0
09-05-2023,0,0,0,0,0,0,0,0,0,0,0,0,0,0,0,0,0,0,0,0,0,0,0,0,0,0,920.512311,0,0,0,0,0,0,0,0,0,0,0,0,0,0,0
10-05-2023,0,0,0,0,0,0,0,0,0,0,0,0,0,0,0,0,0,0,0,0,0,0,0,0,0,0,-561.857694,0,0,0,0,0,0,0,0,0,0,0,0,0,0,0
11-05-2023,0,0,0,0,0,0,0,0,0,0,0,0,0,0,0,0,0,0,0,0,0,0,0,0,0,0,524.446159,0,0,0,0,0,0,0,0,0,0,0,0,0,0,0
12-05-2023,0,0,0,0,0,0,0,0,0,0,0,0,0,0,0,0,0,0,0,0,0,0,0,0,0,0,-6.033841,0,0,0,0,0,0,0,0,0,0,0,0,0,0,0
15-05-2023,0,0,0,0,0,0,0,0,0,0,0,0,0,0,0,0,0,0,0,0,0,0,0,0,0,0,-6777.257101,0,0,0,0,0,0,0,0,0,0,0,0,0,0,0
16-05-2023,0,0,0,0,0,0,0,0,0,0,0,0,0,0,0,0,0,0,0,0,0,0,0,0,0,0,-3523.610701,0,0,0,0,0,0,0,0,0,0,0,0,0,0,0
17-05-2023,0,0,0,0,0,0,0,0,0,0,0,0,0,0,0,0,0,0,0,0,0,0,0,0,0,0,-2326.8466,0,0,0,0,0,0,0,0,0,0,0,0,0,0,0
18-05-2023,0,0,0,0,0,0,0,0,0,0,0,0,0,0,0,0,0,0,0,0,0,0,0,0,0,0,-472.996475,0,0,0,0,0,0,0,0,0,0,0,0,0,0,0
19-05-2023,0,0,0,0,0,0,0,0,0,0,0,0,0,0,0,0,0,0,0,0,0,0,0,0,0,0,4540.9799,0,0,0,0,0,0,0,0,0,0,0,0,0,0,0
22-05-2023,0,0,0,0,0,0,0,0,0,0,0,0,0,0,0,0,0,0,0,0,0,0,0,0,0,0,-1863.595575,0,0,0,0,0,0,0,0,0,0,0,0,0,0,0
23-05-2023,0,0,0,0,0,0,0,0,0,0,0,0,0,0,0,0,0,0,0,0,0,0,0,0,0,0,1731.49345,0,0,0,0,0,0,0,0,0,0,0,0,0,0,0
24-05-2023,0,0,0,0,0,0,0,0,0,0,0,0,0,0,0,0,0,0,0,0,0,0,0,0,0,0,-5976.169775,0,0,0,0,0,0,0,0,0,0,0,0,0,0,0
25-05-2023,0,0,0,0,0,0,0,0,0,0,0,0,0,0,0,0,0,0,0,0,0,0,0,0,0,0,2437.9215,0,0,0,0,0,0,0,0,0,0,0,0,0,0,0
26-05-2023,0,0,0,0,0,0,0,0,0,0,0,0,0,0,0,0,0,0,0,0,0,0,0,0,0,0,17988.96765,0,0,0,0,0,0,0,0,0,0,0,0,0,0,0
29-05-2023,0,0,0,0,0,0,0,0,0,0,0,0,0,0,0,0,0,0,0,0,0,0,0,0,0,0,-12.03005,0,0,0,0,0,0,0,0,0,0,0,0,0,0,0
30-05-2023,0,0,0,0,0,0,0,0,0,0,0,0,0,0,0,0,0,0,0,0,0,0,0,0,0,0,2988.0389,0,0,0,0,0,0,0,0,0,0,0,0,0,0,0
31-05-2023,0,0,0,0,0,0,0,0,0,0,0,0,0,0,0,0,0,0,0,0,0,0,0,0,0,0,673.583044,0,0,0,0,0,0,0,0,0,0,0,0,0,0,0
01-06-2023,0,0,0,0,0,0,0,0,0,0,0,0,0,0,0,0,0,0,0,0,0,0,0,0,0,0,-732.932942,0,0,0,0,0,0,0,0,0,0,0,0,0,0,0
02-06-2023,0,0,0,0,0,0,0,0,0,0,0,0,0,0,0,0,0,0,0,0,0,0,0,0,0,0,5002.23797,0,0,0,0,0,0,0,0,0,0,0,0,0,0,0
05-06-2023,0,0,0,0,0,0,0,0,0,0,0,0,0,0,0,0,0,0,0,0,0,0,0,0,0,0,-1766.778324,0,0,0,0,0,0,0,0,0,0,0,0,0,0,0
06-06-2023,0,0,0,0,0,0,0,0,0,0,0,0,0,0,0,0,0,0,0,0,0,0,0,0,0,0,-1323.13892,0,0,0,0,0,0,0,0,0,0,0,0,0,0,0
07-06-2023,0,0,0,0,0,0,0,0,0,0,0,0,0,0,0,0,0,0,0,0,0,0,0,0,0,0,-11677.37832,0,0,0,0,0,0,0,0,0,0,0,0,0,0,0
08-06-2023,0,0,0,0,0,0,0,0,0,0,0,0,0,0,0,0,0,0,0,0,0,0,0,0,0,0,270.023464,0,0,0,0,0,0,0,0,0,0,0,0,0,0,0
09-06-2023,0,0,0,0,0,0,0,0,0,0,0,0,0,0,0,0,0,0,0,0,0,0,0,0,0,0,-24.256164,0,0,0,0,0,0,0,0,0,0,0,0,0,0,0
12-06-2023,0,0,0,0,0,0,0,0,0,0,0,0,0,0,0,0,0,0,0,0,0,0,0,0,0,0,-2453.847486,0,0,0,0,0,0,0,0,0,0,0,0,0,0,0
13-06-2023,0,0,0,0,0,0,0,0,0,-212.7769173,0,0,0,0,0,0,0,0,0,0,0,0,0,0,0,0,-4112.550322,0,0,0,0,0,0,0,0,0,0,0,0,0,0,0
14-06-2023,0,0,0,0,0,0,0,0,0,-881.5950881,0,0,0,0,0,0,0,0,0,0,0,0,0,0,0,0,19.998758,0,0,0,0,0,0,0,0,0,0,0,0,0,0,0
15-06-2023,0,0,0,0,0,0,0,0,0,-2038.758826,0,0,0,0,0,0,0,0,0,0,0,0,0,0,0,0,52.671786,0,0,0,0,0,0,0,0,0,0,0,0,0,0,0
16-06-2023,0,0,0,0,0,0,0,0,0,-249.843913,0,0,0,0,0,0,0,0,0,0,0,0,0,0,0,0,4494.555512,0,0,0,0,0,0,0,0,0,0,0,0,0,0,0
19-06-2023,0,0,0,0,0,0,0,0,0,999.7603298,0,0,0,0,0,0,0,0,0,0,0,0,0,0,0,0,-8.856318,0,0,0,0,0,0,0,0,0,0,0,0,0,0,0
20-06-2023,0,0,0,0,0,0,0,0,0,2066.689225,0,0,0,0,0,0,0,0,0,0,0,0,0,0,0,0,1940.695512,0,0,0,0,0,0,0,0,0,0,0,0,0,0,0
21-06-2023,0,0,0,0,0,0,0,0,0,355.369067,0,0,0,0,0,0,0,0,0,0,0,0,0,0,0,0,958.932346,0,0,0,0,0,0,0,0,0,0,0,0,0,0,0
22-06-2023,0,0,0,0,0,0,0,0,0,1252.687243,0,0,0,0,0,0,0,0,0,0,0,0,0,0,0,0,-1536.90141,0,0,0,0,0,0,0,0,0,0,0,0,0,0,0
23-06-2023,0,0,0,0,0,0,0,0,0,5427.854797,0,0,0,0,0,0,0,0,0,0,0,0,0,0,0,0,-7583.411876,0,0,0,0,0,0,0,0,0,0,0,0,0,0,0
26-06-2023,0,0,0,0,0,0,0,0,0,4789.414781,0,0,0,0,0,0,0,0,0,0,0,0,0,0,0,0,-1571.766248,0,0,0,0,0,0,0,0,0,0,0,0,0,0,0
27-06-2023,0,0,0,0,0,0,0,0,0,-7818.399631,0,0,0,0,0,0,0,0,0,0,0,0,0,0,0,0,5935.328632,0,0,0,0,0,0,0,0,0,0,0,0,0,0,0
28-06-2023,0,0,0,0,0,0,0,0,0,-1835.537609,0,0,0,0,0,0,0,0,0,0,0,0,0,0,0,0,-1988.789508,0,0,0,0,0,0,0,0,0,0,0,0,0,0,0
29-06-2023,0,0,0,0,0,0,0,0,0,-610.9729348,0,0,0,0,0,0,0,0,0,0,0,0,0,0,0,0,-4809.916748,0,0,0,0,0,0,0,0,0,0,0,0,0,0,0
30-06-2023,0,0,0,0,0,0,0,0,0,-8442.349456,0,0,0,0,0,0,0,0,0,0,0,0,0,0,0,0,-5.469712,0,0,0,0,0,0,0,0,0,0,0,0,0,0,0
03-07-2023,0,0,0,0,0,0,0,0,0,-320.5658686,0,0,0,0,0,0,0,0,0,0,0,0,0,0,0,0,751.205819,0,0,0,0,0,0,0,0,0,0,0,0,0,0,0
04-07-2023,0,0,0,0,0,0,0,0,0,-307.4953159,0,0,0,0,0,0,0,0,0,0,0,0,0,0,0,0,-0.241131,0,0,0,0,0,0,0,0,0,0,0,0,0,0,0
05-07-2023,0,0,0,0,0,0,0,0,0,2385.482792,0,0,0,0,0,0,0,0,0,0,0,0,0,0,0,0,1.450018,0,0,0,0,0,0,0,0,0,0,0,0,0,0,0
06-07-2023,0,0,0,0,0,0,0,0,0,6675.331808,0,0,0,0,0,0,0,0,0,0,0,0,0,0,0,0,0.962539,0,0,0,0,0,0,0,0,0,0,0,0,0,0,0
07-07-2023,0,0,0,0,0,0,0,0,0,-823.9991259,0,0,0,0,0,0,0,0,0,0,0,0,0,0,0,0,-3511.077077,0,0,0,0,0,0,0,0,0,0,0,0,0,0,0
10-07-2023,0,0,0,0,0,0,0,0,0,-1222.655944,0,0,0,0,0,0,0,0,0,0,0,0,0,0,0,0,-2589.726428,0,0,0,0,0,0,0,0,0,0,0,0,0,0,0
11-07-2023,0,0,0,0,0,0,0,0,0,-3635.951732,0,0,0,0,0,0,0,0,0,0,0,0,0,0,0,0,894.883128,0,0,0,0,0,0,0,0,0,0,0,0,0,0,0
12-07-2023,0,0,0,0,0,0,0,0,0,-5500.94603,0,0,0,0,0,0,0,0,0,0,0,0,0,0,0,0,1.69172,0,0,0,0,0,0,0,0,0,0,0,0,0,0,0
13-07-2023,0,0,0,0,0,0,0,0,0,-5353.195482,0,0,0,0,0,0,0,0,0,0,0,0,0,0,0,0,-987.3353,0,0,0,0,0,0,0,0,0,0,0,0,0,0,0
14-07-2023,0,0,0,0,0,0,0,0,0,737.2259879,0,0,0,0,0,0,0,0,0,0,0,0,0,0,0,0,-498.21922,0,0,0,0,0,0,0,0,0,0,0,0,0,0,0
17-07-2023,0,0,0,0,0,0,0,0,0,-29.15323251,0,0,0,0,0,0,0,0,0,0,0,0,0,0,0,0,2.49234,0,0,0,0,0,0,0,0,0,0,0,0,0,0,0
18-07-2023,0,0,0,0,0,0,0,0,0,-3790.948614,0,0,0,0,0,0,0,0,0,0,0,0,0,0,0,0,2094.47766,0,0,0,0,0,0,0,0,0,0,0,0,0,0,0
19-07-2023,0,0,0,0,0,0,0,0,0,-1236.51297,0,0,0,0,0,0,0,0,0,0,0,0,0,0,0,0,-2378.163228,0,0,0,0,0,0,0,0,0,0,0,0,0,0,0
20-07-2023,0,0,0,0,0,0,0,0,0,329.4486712,0,0,0,0,0,0,0,0,0,0,0,0,0,0,0,0,-15.448032,0,0,0,0,0,0,0,0,0,0,0,0,0,0,0
21-07-2023,0,0,0,0,0,0,0,0,0,-1569.747472,0,0,0,0,0,0,0,0,0,0,0,0,0,0,0,0,1490.96722,0,0,0,0,0,0,0,0,0,0,0,0,0,0,0
24-07-2023,0,0,0,0,0,0,0,0,0,172.3335402,0,0,0,0,0,0,0,0,0,0,0,0,0,0,0,0,2951.782084,0,0,0,0,0,0,0,0,0,0,0,0,0,0,0
25-07-2023,0,0,0,0,0,0,0,0,0,-75.16656962,0,0,0,0,0,0,0,0,0,0,0,0,0,0,0,0,-2999.716448,0,0,0,0,0,0,0,0,0,0,0,0,0,0,0
26-07-2023,0,0,0,0,0,0,0,0,0,-2599.414057,0,0,0,0,0,0,0,0,0,0,0,0,0,0,0,0,-4037.90332,0,0,0,0,0,0,0,0,0,0,0,0,0,0,0
27-07-2023,0,0,0,0,0,0,0,0,0,2463.070658,0,0,0,0,0,0,0,0,0,0,0,0,0,0,0,0,-23.386604,0,0,0,0,0,0,0,0,0,0,0,0,0,0,0
28-07-2023,0,0,0,0,0,0,0,0,0,-3798.313395,0,0,0,0,0,0,0,0,0,0,0,0,0,0,0,0,10.067684,0,0,0,0,0,0,0,0,0,0,0,0,0,0,0
31-07-2023,0,0,0,0,0,0,0,0,0,440.6272461,0,0,0,0,0,0,0,0,0,0,0,0,0,0,0,0,-1.466564,0,0,0,0,0,0,0,0,0,0,0,0,0,0,0
01-08-2023,0,0,0,0,0,0,0,0,0,12682.94743,0,0,0,0,0,0,0,0,0,0,0,0,0,0,0,0,-2295.389228,0,0,0,0,0,0,0,0,0,0,0,0,0,0,0
02-08-2023,0,0,0,0,0,0,0,0,0,18810.05588,0,0,0,0,0,0,0,0,0,0,0,0,0,0,0,0,-464.269576,0,0,0,0,0,0,0,0,0,0,0,0,0,0,0
03-08-2023,0,0,0,0,0,0,0,0,0,7289.068378,0,0,0,0,0,0,0,0,0,0,0,0,0,0,0,0,3217.593602,0,0,0,0,0,0,0,0,0,0,0,0,0,0,0
04-08-2023,0,0,0,0,0,0,0,0,0,-3041.761605,0,0,0,0,0,0,0,0,0,0,0,0,0,0,0,0,-411.86343,0,0,0,0,0,0,0,0,0,0,0,0,0,0,0
07-08-2023,0,0,0,0,0,0,0,0,0,-3760.731482,0,0,0,0,0,0,0,0,0,0,0,0,0,0,0,0,2.01941,0,0,0,0,0,0,0,0,0,0,0,0,0,0,0
08-08-2023,0,0,0,0,0,0,0,0,0,4869.80469,0,0,0,0,0,0,0,0,0,0,0,0,0,0,0,0,-9.86102,0,0,0,0,0,0,0,0,0,0,0,0,0,0,0
09-08-2023,0,0,0,0,0,0,0,0,0,-1032.785984,0,0,0,0,0,0,0,0,0,0,0,0,0,0,0,0,5.40429,0,0,0,0,0,0,0,0,0,0,0,0,0,0,0
10-08-2023,0,0,0,0,0,0,0,0,0,-1850.773598,0,0,0,0,0,0,0,0,0,0,0,0,0,0,0,0,1.50059,0,0,0,0,0,0,0,0,0,0,0,0,0,0,0
11-08-2023,0,0,0,0,0,0,0,0,0,1069.35256,0,0,0,0,0,0,0,0,0,0,0,0,0,0,0,0,-5.52858,0,0,0,0,0,0,0,0,0,0,0,0,0,0,0
14-08-2023,0,0,0,0,0,0,0,0,0,829.3151909,0,0,0,0,0,0,0,0,0,0,0,0,0,0,0,0,-6.14917,0,0,0,0,0,0,0,0,0,0,0,0,0,0,0
15-08-2023,0,0,0,0,0,0,0,0,0,7674.349002,0,0,0,0,0,0,0,0,0,0,0,0,0,0,0,0,-0.21437,0,0,0,0,0,0,0,0,0,0,0,0,0,0,0
16-08-2023,0,0,0,0,0,0,0,0,0,3824.917826,0,0,0,0,0,0,0,0,0,0,0,0,0,0,0,0,-3.81362,0,0,0,0,0,0,0,0,0,0,0,0,0,0,0
17-08-2023,0,0,0,0,0,0,0,0,0,6882.00211,0,0,0,0,0,0,0,0,0,0,0,0,0,0,0,0,-1.28622,0,0,0,0,0,0,0,0,0,0,0,0,0,0,0
18-08-2023,0,0,0,0,0,0,0,0,0,1316.205991,0,0,0,0,0,0,0,0,0,0,0,0,0,0,0,0,1.54563,0,0,0,0,0,0,0,0,0,0,0,0,0,0,0
21-08-2023,0,0,0,0,0,0,0,0,0,-2442.809336,0,0,0,0,0,0,0,0,0,0,0,0,0,0,0,0,7.78488,0,0,0,0,0,0,0,0,0,0,0,0,0,0,0
22-08-2023,0,0,0,0,0,0,0,0,0,2128.641676,0,0,0,0,0,0,0,0,0,0,0,0,0,0,0,0,-10.7185,0,0,0,0,0,0,0,0,0,0,0,0,0,0,0
23-08-2023,0,0,0,0,0,0,0,0,0,-6222.376011,0,0,0,0,0,0,0,0,0,0,0,0,0,0,0,0,5.61866,0,0,0,0,0,0,0,0,0,0,0,0,0,0,0
24-08-2023,0,0,0,0,0,0,0,0,0,8239.623614,0,0,0,0,0,0,0,0,0,0,0,0,0,0,0,0,-11.36161,0,0,0,0,0,0,0,0,0,0,0,0,0,0,0
25-08-2023,0,0,0,0,0,0,0,0,0,-2543.622883,0,0,0,0,0,0,0,0,0,0,0,0,0,0,0,0,-1.45555,0,0,0,0,0,0,0,0,0,0,0,0,0,0,0
28-08-2023,0,0,0,0,0,0,0,0,0,-5356.319012,0,0,0,0,0,0,0,0,0,0,0,0,0,0,0,0,7.78488,0,0,0,0,0,0,0,0,0,0,0,0,0,0,0
29-08-2023,0,0,0,0,0,0,0,0,0,-9615.803516,0,0,0,0,0,0,0,0,0,0,0,0,0,0,0,0,12.8622,0,0,0,0,0,0,0,0,0,0,0,0,0,0,0
30-08-2023,0,0,0,0,0,0,0,0,0,-1224.104216,0,0,0,0,0,0,0,0,0,0,0,0,0,0,0,0,10.97791,0,0,0,0,0,0,0,0,0,0,0,0,0,0,0
31-08-2023,0,0,0,0,0,0,0,0,0,1125.816696,0,0,0,0,0,0,0,0,0,0,0,0,0,0,0,0,-16.93523,0,0,0,0,0,0,0,0,0,0,0,0,0,0,0
01-09-2023,0,0,0,0,0,0,0,0,0,486.5680233,0,0,0,0,0,0,0,0,0,0,0,0,0,0,0,0,-12.81716,0,0,0,0,0,0,0,0,0,0,0,0,0,0,0
04-09-2023,0,0,0,0,0,0,0,0,0,-2.263372657,-724.8633803,0,0,0,0,0,0,0,0,0,0,0,0,0,0,0,4.2874,0,0,0,0,0,0,0,0,0,0,0,0,0,0,0
05-09-2023,0,0,0,0,0,0,0,0,0,2554.446191,-3201.092142,0,0,0,0,0,0,0,0,0,0,0,0,0,0,0,-12.34338,0,0,0,0,0,0,0,0,0,0,0,0,0,0,0
06-09-2023,0,0,0,0,0,0,0,0,0,1781.021388,-3522.03858,0,0,0,0,0,0,0,0,0,0,0,0,0,0,0,-702.46252,0,0,0,0,0,0,0,0,0,0,0,0,0,0,0
07-09-2023,0,0,0,0,0,0,0,0,0,-713.6691758,2656.384019,0,0,0,0,0,0,0,0,0,0,0,0,0,0,0,-4.7611,0,0,0,0,0,0,0,0,0,0,0,0,0,0,0
08-09-2023,0,0,0,0,0,0,0,0,0,-1859.976697,-1869.085668,0,0,0,0,0,0,0,0,0,0,0,0,0,0,0,0.85748,0,0,0,0,0,0,0,0,0,0,0,0,0,0,0
11-09-2023,0,0,0,0,0,0,0,0,0,-4799.40633,1071.166878,0,0,0,0,0,0,0,0,0,0,0,0,0,0,0,13.8785,0,0,0,0,0,0,0,0,0,0,0,0,0,0,0
12-09-2023,0,0,0,0,0,0,0,0,0,1205.324811,130.6735524,0,0,0,0,0,0,0,0,0,0,0,0,0,0,0,0.85748,0,0,0,0,0,0,0,0,0,0,0,0,0,0,0
13-09-2023,0,0,0,0,0,0,0,0,0,153.5718475,50.5515581,0,0,0,0,0,0,0,0,0,0,0,0,0,0,0,-3.56488,0,0,0,0,0,0,0,0,0,0,0,0,0,0,0
14-09-2023,0,0,0,0,0,0,0,0,0,-6426.031503,-292.3992101,0,0,0,0,0,0,0,0,0,0,0,0,0,0,0,-18.65019,0,0,0,0,0,0,0,0,0,0,0,0,0,0,0
15-09-2023,0,0,0,0,0,0,0,0,0,4118.153461,-4606.795925,0,0,0,0,0,0,0,0,0,0,0,0,0,0,0,5.22429,0,0,0,0,0,0,0,0,0,0,0,0,0,0,0
18-09-2023,0,0,0,0,0,0,0,0,0,2406.208367,-7.377203654,0,0,0,0,0,0,0,0,0,0,0,0,0,0,0,9.44421,0,0,0,0,0,0,0,0,0,0,0,0,0,0,0
19-09-2023,0,0,0,0,0,0,0,0,0,1413.573755,-580.2632141,0,0,0,0,0,0,0,0,0,0,0,0,0,0,0,-3.00118,0,0,0,0,0,0,0,0,0,0,0,0,0,0,0
20-09-2023,0,0,0,0,0,0,0,0,0,1754.461773,2790.908815,0,0,0,0,0,0,0,0,0,0,0,0,0,0,0,-2.27866,0,0,0,0,0,0,0,0,0,0,0,0,0,0,0
21-09-2023,0,0,0,0,0,0,0,0,0,9488.470169,-4683.787998,0,0,0,0,0,0,0,0,0,0,0,0,0,0,0,0.21437,0,0,0,0,0,0,0,0,0,0,0,0,0,0,0
22-09-2023,0,0,0,0,0,0,0,0,0,1195.374089,2063.686571,0,0,0,0,0,0,0,0,0,0,0,0,0,0,0,-1.42118,0,0,0,0,0,0,0,0,0,0,0,0,0,0,0
25-09-2023,0,0,0,0,0,0,0,0,0,-1587.820466,-4219.006437,0,0,0,0,0,0,0,0,0,0,0,0,0,0,0,-9.4,0,0,0,0,0,0,0,0,0,0,0,0,0,0,0
26-09-2023,0,0,0,0,0,0,0,0,0,40906.58625,-1036.113863,0,0,0,0,0,0,0,0,0,0,0,0,0,0,0,-4.5,0,0,0,0,0,0,0,0,0,0,0,0,0,0,0
27-09-2023,0,0,0,0,0,0,0,0,0,2480.424714,410.2314044,0,0,0,0,0,0,0,0,0,0,0,0,0,0,0,-14.8,0,0,0,0,0,0,0,0,0,0,0,0,0,0,0
28-09-2023,0,0,0,0,0,0,0,0,0,-8124.503206,3072.786035,0,0,0,0,0,0,0,0,0,0,0,0,0,0,0,13.5,0,0,0,0,0,0,0,0,0,0,0,0,0,0,0
29-09-2023,0,0,0,0,0,0,0,0,0,5037.332215,701.2300664,0,0,0,0,0,0,0,0,0,0,0,0,0,0,0,0,0,0,0,0,0,0,0,0,0,0,0,0,0,0,0
02-10-2023,0,0,0,0,0,0,0,0,0,4964.738644,-2732.720909,0,0,0,0,0,0,0,0,0,0,0,0,0,0,0,0,0,0,0,0,0,0,0,0,0,0,0,0,0,0,0
03-10-2023,0,0,0,0,0,0,0,0,0,9707.828932,-2745.795814,0,0,0,0,0,0,0,0,0,0,0,0,0,0,0,0,0,0,0,0,0,0,0,0,0,0,0,0,0,0,0
04-10-2023,0,0,0,0,0,0,0,0,0,-548.1447163,103.3672332,0,0,0,0,0,0,0,0,0,0,0,0,0,0,0,0,0,0,0,0,0,0,0,0,0,0,0,0,0,0,0
05-10-2023,0,0,0,0,0,0,0,0,0,-2152.82987,5374.007665,0,0,0,0,0,0,0,0,0,0,0,0,0,0,0,0,0,0,0,0,0,0,0,0,0,0,0,0,0,0,0
06-10-2023,0,0,0,0,0,0,0,0,0,-5576.712463,-3379.272242,0,0,0,0,0,0,0,0,0,0,0,0,0,0,0,0,0,0,0,0,0,0,0,0,0,0,0,0,0,0,0
09-10-2023,0,0,0,0,0,0,0,0,0,2162.139463,813.9697506,0,0,0,0,0,0,0,0,0,0,0,0,0,0,0,0,0,0,0,0,0,0,0,0,0,0,0,0,0,0,0
10-10-2023,0,0,0,0,0,0,0,0,0,-8624.249082,-263.1023951,0,0,0,0,0,0,0,0,0,0,0,0,0,0,0,0,0,0,0,0,0,0,0,0,0,0,0,0,0,0,0
11-10-2023,0,0,0,0,0,0,0,0,0,-816.6694355,2201.032184,0,0,0,0,0,0,0,0,0,0,0,0,0,0,0,0,0,0,0,0,0,0,0,0,0,0,0,0,0,0,0
12-10-2023,0,0,0,0,0,0,0,0,0,7210.25051,-7450.951679,0,0,0,0,0,0,0,0,0,0,0,0,0,0,0,0,0,0,0,0,0,0,0,0,0,0,0,0,0,0,0
13-10-2023,0,0,0,0,0,0,0,0,0,3841.071258,6041.004428,0,0,0,0,0,0,0,0,0,0,0,0,0,0,0,0,0,0,0,0,0,0,0,0,0,0,0,0,0,0,0
16-10-2023,0,0,0,0,0,0,0,0,0,-6441.750434,2515.129731,0,0,0,0,0,0,0,0,0,0,0,0,0,0,0,0,0,0,0,0,0,0,0,0,0,0,0,0,0,0,0
17-10-2023,0,0,0,0,-94.3205,0,0,0,0,-1281.839119,962.7134472,0,0,0,0,0,0,0,0,0,0,0,0,0,0,0,0,0,0,0,0,0,0,0,0,0,0,0,0,0,0,0
18-10-2023,0,0,0,0,-7150.374591,0,0,0,0,12628.10595,-995.5936218,0,0,0,0,0,0,0,0,0,0,0,0,0,0,0,0,0,0,0,0,0,0,0,0,0,0,0,0,0,0,0
19-10-2023,0,0,0,0,-1970.098143,0,0,0,0,6154.37666,-1909.579383,0,0,0,0,0,0,0,0,0,0,0,0,0,0,0,0,0,0,0,0,0,0,0,0,0,0,0,0,0,0,0
20-10-2023,0,0,0,0,-2572.836403,0,0,0,0,8435.092281,-6856.08249,0,0,0,0,0,0,0,0,0,0,0,0,0,0,0,0,0,0,0,0,0,0,0,0,0,0,0,0,0,0,0
23-10-2023,0,0,0,0,-1687.92575,0,0,0,0,1274.906142,-4859.474917,0,0,0,0,0,0,0,0,0,0,0,0,0,0,0,0,0,0,0,0,0,0,0,0,0,0,0,0,0,0,0
24-10-2023,0,0,0,0,284.5195441,0,0,0,0,-4538.126446,2537.066822,0,0,0,0,0,0,0,0,0,0,0,0,0,0,0,0,0,0,0,0,0,0,0,0,0,0,0,0,0,0,0
25-10-2023,0,0,0,0,-3298.75321,0,0,0,0,12384.06633,-2106.119239,0,0,0,0,0,0,0,0,0,0,0,0,0,0,0,0,0,0,0,0,0,0,0,0,0,0,0,0,0,0,0
26-10-2023,0,0,0,0,1519.373213,0,0,0,0,10225.33793,-5239.566934,0,0,0,0,0,0,0,0,0,0,0,0,0,0,0,0,0,0,0,0,0,0,0,0,0,0,0,0,0,0,0
27-10-2023,0,0,0,0,-3404.148712,0,0,0,0,11333.89931,-8990.930025,0,0,0,0,0,0,0,0,0,0,0,0,0,0,0,0,0,0,0,0,0,0,0,0,0,0,0,0,0,0,0
30-10-2023,0,0,0,0,4075.18496,0,0,0,0,-5593.464554,4921.385166,0,0,0,0,0,0,0,0,0,0,0,0,0,0,0,0,0,0,0,0,0,0,0,0,0,0,0,0,0,0,0
31-10-2023,0,0,0,0,3375.219014,0,0,0,0,-1208.243014,21496.5816,0,0,0,0,0,0,0,0,0,0,0,0,0,0,0,0,0,0,0,0,0,0,0,0,0,0,0,0,0,0,0
01-11-2023,0,0,0,0,3614.93596,0,0,0,0,-5538.158841,2695.993272,0,0,0,0,0,0,0,0,0,0,0,0,0,0,0,0,0,0,0,0,0,0,0,0,0,0,0,0,0,0,0
02-11-2023,0,0,0,0,4600.362654,0,0,0,0,-9655.077116,22573.61682,0,0,0,0,0,0,0,0,0,0,0,0,0,0,0,0,0,0,0,0,0,0,0,0,0,0,0,0,0,0,0
03-11-2023,0,0,0,0,2382.915541,0,0,0,0,-9852.616192,7916.361054,0,0,0,0,0,0,0,0,0,0,0,0,0,0,0,0,0,0,0,0,0,0,0,0,0,0,0,0,0,0,0
06-11-2023,-1089.890728,0,0,0,117.4729128,0,0,0,0,1340.282075,-1375.071217,0,0,0,1890.842004,0,0,0,0,0,0,0,0,0,0,0,0,0,0,0,0,0,0,0,0,0,0,0,0,0,0,0
07-11-2023,-983.9878399,0,0,0,1164.026755,0,0,0,0,943.6515897,-4142.712133,0,0,0,8238.43114,0,0,0,0,0,0,0,0,0,0,0,0,0,0,0,0,0,0,0,0,0,0,0,0,0,0,0
08-11-2023,5165.430322,0,0,0,-152.4822113,0,0,0,0,18.18195579,886.3185063,0,0,0,11192.89677,0,0,0,0,0,0,0,0,0,0,0,0,0,0,0,0,0,0,0,0,0,0,0,0,0,0,0
09-11-2023,2702.503779,0,0,0,-3220.001297,0,0,0,0,972.5138232,4392.454291,0,0,0,-4124.267907,0,0,0,0,0,0,0,0,0,0,0,0,0,0,0,0,0,0,0,0,0,0,0,0,0,0,0
10-11-2023,-2297.775109,0,0,0,5044.013781,0,0,0,0,-2108.93368,11158.12255,0,0,0,30123.7624,0,0,0,0,0,0,0,0,0,0,0,0,0,0,0,0,0,0,0,0,0,0,0,0,0,0,0
13-11-2023,506.9466674,0,0,0,1308.817155,0,0,0,0,725.8807422,-1178.202314,0,0,0,-1225.581755,0,0,0,0,0,0,0,0,0,0,0,0,0,0,0,0,0,0,0,0,0,0,0,0,0,0,0
14-11-2023,42428.18205,0,0,0,17249.30295,0,0,0,0,-23467.11215,6411.629196,0,0,0,45536.65097,0,0,0,0,0,0,0,0,0,0,0,0,0,0,0,0,0,0,0,0,0,0,0,0,0,0,0
15-11-2023,-2797.206354,0,0,0,1930.263905,0,0,0,0,-3842.743052,3541.300962,0,0,0,-7060.629243,0,0,0,0,0,0,0,0,0,0,0,0,0,0,0,0,0,0,0,0,0,0,0,0,0,0,0
16-11-2023,-8193.813201,0,0,0,-6737.138514,0,0,0,0,1228.615362,3135.388095,0,0,0,-8458.562889,0,0,0,0,0,0,0,0,0,0,0,0,0,0,0,0,0,0,0,0,0,0,0,0,0,0,0
17-11-2023,4008.446286,14570,0,0,4199.352215,0,0,0,0,-4471.186149,-2361.662667,0,0,0,6263.512222,0,0,0,0,0,0,0,0,0,0,0,0,0,0,0,0,0,0,0,0,0,0,0,0,0,0,0
20-11-2023,5501.121698,0,0,0,6293.52894,0,0,0,0,-414.5666736,7244.574273,0,0,0,13341.61886,0,0,0,0,0,0,0,0,0,0,0,0,0,0,0,0,0,0,0,0,0,0,0,0,0,0,0
21-11-2023,-8828.934032,0,0,0,3072.677087,0,0,0,0,653.072367,1309.657069,0,0,0,-4349.680459,0,0,0,0,0,0,0,0,0,0,0,0,0,0,0,0,0,0,0,0,0,0,0,0,0,0,0
22-11-2023,-5078.857903,0,0,0,329.9971151,0,0,0,0,-1277.860269,151.3713131,0,0,0,1115.186411,0,0,0,0,0,0,0,0,0,0,0,0,0,0,0,0,0,0,0,0,0,0,0,0,0,0,0
23-11-2023,-24.82382238,0,0,0,301.1234661,0,0,0,0,-816.0782318,8934.132592,0,0,0,1.585143825,0,0,0,0,0,0,0,0,0,0,0,0,0,0,0,0,0,0,0,0,0,0,0,0,0,0,0
24-11-2023,-1180.138258,0,0,0,6256.047512,0,0,0,0,-1742.766368,-1739.880206,0,0,0,2779.376332,0,0,0,0,0,0,0,0,0,0,0,0,0,0,0,0,0,0,0,0,0,0,0,0,0,0,0
27-11-2023,-535.8626469,0,0,0,-4108.095514,0,0,0,0,1299.536406,-8416.161918,0,0,0,146.394615,0,0,0,0,0,0,0,0,0,0,0,0,0,0,0,0,0,0,0,0,0,0,0,0,0,0,0
28-11-2023,-940.7285299,0,0,0,-4788.709755,0,0,0,0,-462.0418141,-5171.906771,0,0,0,-8626.095027,0,0,0,0,0,0,0,0,0,0,0,0,0,0,0,0,0,0,0,0,0,0,0,0,0,0,0
29-11-2023,7697.084895,0,0,0,4088.218184,0,0,0,0,733.2203192,23247.55253,0,0,0,4028.620167,0,0,0,0,0,0,0,0,0,0,0,0,0,0,0,0,0,0,0,0,0,0,0,0,0,0,0
30-11-2023,-2418.630273,0,0,0,6423.979842,0,0,0,0,-3182.511792,10191.40998,0,0,0,2128.682422,0,0,0,0,0,0,0,0,0,0,0,0,0,0,0,0,0,0,0,0,0,0,0,0,0,0,0
01-12-2023,10668.4414,0,0,0,18815.79229,0,0,0,0,-2311.917672,22082.11578,0,0,0,14422.28884,0,0,0,0,0,0,0,0,0,0,0,0,0,0,0,0,0,0,0,0,0,0,0,0,0,0,0
04-12-2023,-10036.97781,0,0,0,-14128.09401,0,0,0,0,1469.562471,3541.771366,0,0,0,-9963.791868,0,0,0,0,0,0,0,0,0,0,0,0,0,0,0,0,0,0,0,0,0,0,0,0,0,0,0
05-12-2023,-1997.043927,1533.224,0,0,-2711.701245,0,0,0,0,1318.740253,-9402.265372,0,0,0,-3254.082405,0,0,0,0,0,0,0,0,0,0,0,0,0,0,0,0,0,0,0,0,0,0,0,0,0,0,0
06-12-2023,-1281.357952,-2421.401161,0,0,-4149.710243,0,0,0,0,-825.9849246,5245.446298,0,0,0,-5667.527863,0,0,0,0,0,0,0,0,0,0,0,0,0,0,0,0,0,0,0,0,0,0,0,0,0,0,0
07-12-2023,-498.5325943,7123.353317,0,0,11118.6001,0,0,0,0,-1876.289631,-2389.689035,0,0,0,5215.782358,0,0,0,0,0,0,0,0,0,0,0,0,0,0,0,0,0,0,0,0,0,0,0,0,0,0,0
08-12-2023,1105.564828,5886.243782,0,0,6225.705647,0,0,0,0,832.5688503,-5659.520331,0,0,0,7256.276722,0,0,0,0,0,0,0,0,0,0,0,0,0,0,0,0,0,0,0,0,0,0,0,0,0,0,0
11-12-2023,-2278.368634,14614.48481,0,0,10268.16491,0,0,0,0,-1322.460654,8626.917688,0,0,0,9113.633542,0,0,0,0,0,0,0,0,0,0,0,0,0,0,0,0,0,0,0,0,0,0,0,0,0,0,0
12-12-2023,86.35150527,6119.393354,0,0,5381.842954,0,0,0,0,-439.0889594,-1377.973288,0,0,0,9326.375549,0,0,0,0,0,0,0,0,0,0,0,0,0,0,0,0,0,0,0,0,0,0,0,0,0,0,0
13-12-2023,7372.523173,19164.26096,0,0,11697.22142,0,0,0,0,-2398.52,-8926.477048,0,0,0,15940.90878,0,0,0,0,0,0,0,0,0,0,0,0,0,0,0,0,0,0,0,0,0,0,0,0,0,0,0
14-12-2023,3850.218143,7348.348477,0,0,7698.920984,0,0,0,0,-4405.863701,-5367.490716,0,0,0,5947.116189,0,0,0,0,0,0,0,0,0,0,0,0,0,0,0,0,0,0,0,0,0,0,0,0,0,0,0
15-12-2023,1176.624134,-1029.346704,0,0,-2536.292538,0,0,0,0,900.1525349,2409.716396,0,0,0,2771.077915,0,0,0,0,0,0,0,0,0,0,0,0,0,0,0,0,0,0,0,0,0,0,0,0,0,0,0
18-12-2023,2377.299591,1314.433905,0,0,2058.489777,0,0,0,0,-456.9036873,8022.469733,0,0,0,7419.828801,0,0,0,0,0,0,0,0,0,0,0,0,0,0,0,0,0,0,0,0,0,0,0,0,0,0,0
19-12-2023,447.6231518,1869.506837,0,0,8144.42113,0,0,0,0,-599.2585058,7524.774341,0,0,0,2628.917157,0,0,0,0,0,0,0,0,0,0,0,0,0,0,0,0,0,0,0,0,0,0,0,0,0,0,0
20-12-2023,-6038.102535,-4860.974486,0,0,-49201.63431,0,0,0,0,1899.715097,-7602.83871,0,0,0,-16247.93304,0,0,0,0,0,0,0,0,0,0,0,0,0,0,0,0,0,0,0,0,0,0,0,0,0,0,0
21-12-2023,-1529.671011,354.0678588,0,0,18540.30559,0,0,0,0,-916.1761993,13113.38242,0,0,0,3306.26796,0,0,0,0,0,0,0,0,0,0,0,0,0,0,0,0,0,0,0,0,0,0,0,0,0,0,0
22-12-2023,0,0,0,0,-89.13943865,0,0,0,0,0,-2220.529904,0,0,0,0,0,0,0,0,0,0,0,0,0,0,0,0,0,0,0,0,0,0,0,0,0,0,0,0,0,0,0
25-12-2023,0,0,0,0,0,0,0,0,0,0,0,0,0,0,0,0,0,0,0,0,0,0,0,0,0,0,0,0,0,0,0,0,0,0,0,0,0,0,0,0,0,0
26-12-2023,0,0,0,0,0,0,0,0,0,0,0,0,0,0,0,0,0,0,0,0,0,0,0,0,0,0,0,0,0,0,0,0,0,0,0,0,0,0,0,0,0,0
27-12-2023,0,0,0,0,0,0,0,0,0,0,0,0,0,0,0,0,0,0,0,0,0,0,0,0,0,0,0,0,0,0,0,0,0,0,0,0,0,0,0,0,0,0
28-12-2023,0,0,0,0,0,0,0,0,0,0,0,0,0,0,0,0,0,0,0,0,0,0,0,0,0,0,0,0,0,0,0,0,0,0,0,0,0,0,0,0,0,0
29-12-2023,0,0,0,0,0,0,0,0,0,0,0,0,0,0,0,0,0,0,0,0,0,0,0,0,0,0,0,0,0,0,0,0,0,0,0,0,0,0,0,0,0,0
01-01-2024,0,0,0,0,0,0,0,0,0,0,0,0,0,0,0,0,0,0,0,0,0,0,0,0,0,0,0,0,0,0,0,0,0,0,0,0,0,0,0,0,0,0
02-01-2024,1510.091404,-3220.424271,0,0,292.7655721,0,0,0,0,184.1120035,-2093.271588,0,0,0,-5571.955299,0,0,0,0,0,0,0,0,0,0,0,0,0,0,0,0,0,0,0,0,0,0,0,0,0,0,0
03-01-2024,1196.883827,-8817.635104,0,0,-25595.70806,0,0,0,0,2738.45491,-15937.73644,0,0,0,-9126.906783,0,0,0,0,0,0,0,0,0,0,0,0,0,0,0,0,0,0,0,0,0,0,0,0,0,0,0
04-01-2024,1262.868726,-3.697874837,0,0,-12219.44171,0,0,0,0,-130.1927435,12808.32886,0,0,0,944.2681923,0,0,0,0,0,0,0,0,0,0,0,0,0,0,0,0,0,0,0,0,0,0,0,0,0,0,0
05-01-2024,550.6274538,-570.6323001,0,0,4858.615903,0,0,0,0,-665.1199887,2584.699395,0,0,0,-126.4491601,0,0,0,0,0,0,0,0,0,0,48712.99,0,0,0,0,0,0,0,0,0,0,0,0,0,0,0,0
08-01-2024,1468.264458,13941.3195,0,0,-566.9344147,0,0,0,0,-40.45176589,5345.753933,0,0,0,6636.931323,0,0,0,0,0,0,0,0,0,0,-103503,0,0,0,0,0,0,0,0,0,0,0,0,0,0,0,0
09-01-2024,-303.853805,1951.275785,0,0,-1933.040871,0,0,0,0,534.6594024,-510.5038545,0,0,0,-111.1493884,0,0,0,0,0,0,0,0,0,0,64394.99,0,0,0,0,0,0,0,0,0,0,0,0,0,0,0,0
10-01-2024,-454.8716668,4295.044647,0,0,3134.717325,0,0,0,0,123.1481683,-2707.479182,0,0,0,2116.399246,0,0,0,0,0,0,0,0,0,0,45246.53,0,0,0,0,0,0,0,0,0,0,0,0,0,0,0,0
11-01-2024,-127.5471281,-5330.686479,0,0,-1702.343295,0,0,0,0,-249.4583784,-2318.821307,0,0,0,-611.1642879,0,0,0,0,0,0,0,0,0,0,30039.42,0,0,0,0,0,0,0,0,0,0,0,0,0,0,0,0
12-01-2024,293.2095443,206.1952871,0,0,1765.674043,0,0,0,0,-117.120738,1392.582176,0,0,0,766.9583477,0,0,0,0,0,0,0,0,0,0,-40051.3,0,0,0,0,0,0,0,0,0,0,0,0,0,0,0,0
15-01-2024,0.003242815,0,0,0,-76.05629681,0,0,0,0,125.4712934,-2472.160259,0,0,0,-0.001980504,0,0,0,0,0,0,0,0,0,0,-1318.91,0,0,0,0,0,0,0,0,0,0,0,0,0,0,0,0
16-01-2024,-2094.627452,-2180.563387,0,0,-5174.85208,0,0,0,0,1847.009622,-3398.008702,0,0,0,-1367.954926,0,0,0,0,0,0,0,0,0,0,116199.1,0,0,0,0,0,0,0,0,0,0,0,0,0,0,0,0
17-01-2024,-1853.813304,-4535.913511,0,0,-2721.673273,0,0,0,0,1277.947039,-6665.119086,0,0,0,-3336.240276,0,0,0,0,0,0,0,0,0,0,280371.8,0,0,0,0,0,0,0,0,0,0,0,0,0,0,0,0
18-01-2024,-1190.62302,1031.843872,0,0,6339.353871,0,0,0,0,-943.8726341,2546.884598,0,0,0,3774.908567,0,0,0,0,0,0,0,0,0,0,277386.7,0,0,0,0,0,0,0,0,0,0,0,0,0,0,0,0
19-01-2024,5218.010263,3769.941237,0,0,4891.022106,0,0,0,0,17.34434024,343.2822127,0,0,0,14045.50594,0,0,0,0,0,0,0,0,0,0,76530.13,0,0,0,0,0,0,0,0,0,0,0,0,0,0,0,0
22-01-2024,1386.171915,3476.118314,0,0,7765.505818,0,0,0,0,-666.3165519,-1160.454356,0,0,0,6198.590314,0,0,0,0,0,0,0,0,0,0,-80797.9,0,0,0,0,0,0,0,0,0,0,0,0,0,0,0,0
23-01-2024,1168.961682,309.3189654,0,0,3686.201338,0,0,0,0,-2100.254152,3978.069244,-2621.03,0,0,118.7642457,0,0,0,0,0,0,0,0,0,0,35293.96,0,0,0,0,0,0,0,0,0,0,0,0,0,0,0,0
24-01-2024,-778.735416,-2830.552363,0,0,-10951.96813,0,0,0,0,420.0968065,1143.669534,-3473.93438,0,0,-1000.864384,0,0,0,0,0,0,0,0,0,0,-381245,0,0,0,0,0,0,0,0,0,0,0,0,0,0,0,0
25-01-2024,-652.5165926,-3164.53166,0,0,13836.43763,0,-1436.76,0,-4229.58,-6777.64919,-15106.87795,3601.17422,0,0,1090.362908,0,0,0,0,0,0,0,0,0,0,-37633.1,0,0,0,0,0,0,0,0,0,0,0,0,0,0,0,0
26-01-2024,212.3043997,1457.751528,0,0,-2201.923909,0,-1317.257196,0,-2020.340281,-5106.493759,-744.0450307,-3608.032809,0,0,-154.525247,0,0,0,0,0,0,0,0,0,0,-120932,0,0,0,0,0,0,0,0,0,0,0,0,0,0,0,0
29-01-2024,3411.316136,4077.735913,0,0,1171.207297,0,3403.241634,0,4818.92,-2099.947575,-12658.65907,7036.933404,0,0,6248.895858,0,0,0,0,0,0,0,0,0,0,-55475,0,0,0,0,0,0,0,0,0,0,0,0,0,0,0,0
30-01-2024,-528.1368872,2878.757042,0,0,-716.3091803,0,1727.497239,0,-1373.488864,-136.3283693,131.8277845,404.4530326,0,0,3054.993075,-48.04788498,0,0,0,0,0,0,0,0,0,15492.8,0,0,0,0,0,0,0,0,0,0,0,0,0,0,0,0
31-01-2024,-1775.900624,-4905.98622,0,0,-17601.96323,0,-2771.846467,0,-6381.334772,1626.335003,-1420.744087,-12115.98973,0,0,-12905.54848,986.5140421,0,0,0,0,0,0,0,0,0,15470.97,0,0,0,0,0,0,0,0,0,0,0,0,0,0,0,0
01-02-2024,3118.102994,-5431.751227,0,0,5127.459597,0,1397.467026,0,3334.69,-857.2336712,7965.000128,10077.04382,0,0,11003.11353,-7951.016083,0,0,0,0,0,0,0,0,0,-32217.4,0,0,0,0,0,0,0,0,0,0,0,0,0,0,0,0
02-02-2024,3179.69442,10332.34804,0,0,-496.141271,0,5078.428895,0,4174.150266,-812.8205247,5682.381692,6280.449235,0,0,9962.980363,1653.806776,0,0,0,0,0,0,0,0,0,9040.493,0,0,0,0,0,0,0,0,0,0,0,0,0,0,0,0
05-02-2024,150.7843608,-6049.037099,0,0,-14632.22487,0,-1729.953747,0,4200.795273,1495.262226,-7532.339287,-1728.511445,0,0,-230.1861419,8466.861331,0,0,0,0,0,0,0,0,0,60392.26,0,0,0,0,0,0,0,0,0,0,0,0,0,0,0,0
06-02-2024,1168.854659,-92.2087094,0,0,3141.842451,0,-1290.961044,0,-2853.470832,-1929.56889,-4225.895233,185.7241051,0,0,734.868728,-1158.950375,0,0,0,0,0,0,0,0,0,-47977.6,0,0,0,0,0,0,0,0,0,0,0,0,0,0,0,0
07-02-2024,43.19971733,3357.996084,0,0,-6.681048905,0,28.11865919,0,5637.575539,336.1117131,3117.79697,4317.753216,0,0,9641.201001,293.732868,0,0,0,31.29314073,0,0,0,0,0,200717.5,0,0,0,0,0,0,0,0,0,0,0,0,0,0,0,0
08-02-2024,2969.197179,4324.289595,0,0,107.7060339,0,3186.295789,0,4533.126416,830.4603871,1958.721059,2918.99516,0,0,9318.326219,-4301.604076,0,0,0,-345.1576142,0,0,0,0,0,6311.201,0,0,0,0,0,0,0,0,0,0,0,0,0,0,0,0
09-02-2024,5046.03173,15890.24287,0,0,-180.4460846,0,2897.895258,0,5255.297153,228.9121789,2097.793075,3797.780247,0,0,8586.145237,-356.9801053,0,0,0,5188.526914,0,0,0,0,0,71241.21,0,0,0,0,0,0,0,0,0,0,0,0,0,0,0,0
12-02-2024,2098.994388,-64.49069014,0,0,156.6449538,0,-891.8456157,0,-1453.343559,-714.166728,1312.128006,-1810.179366,0,0,-2681.832489,-2370.236951,0,0,0,578.4520423,0,0,0,-2385.29,0,6951.215,0,0,0,0,0,0,0,0,0,0,0,0,0,0,0,0
13-02-2024,-4423.627227,-11322.14539,0,0,1493.042344,0,-2358.654033,0,-8403.065228,4171.548974,-4728.120871,-8483.347042,0,0,-17560.9814,7548.014648,0,0,575.5982509,-15397.36026,0,-6288.157325,0,-4137.530491,0,532345.7,0,0,0,0,0,0,0,0,0,0,0,0,0,0,0,0
14-02-2024,-1192.93702,-8091.647098,0,0,1893.367593,0,806.8257871,0,5732.120745,-2863.624798,-834.4057381,0,0,0,11025.90672,-4587.980971,0,0,-2042.711106,7149.882587,0,491.0832791,0,4584.81189,0,-65977.7,0,0,0,0,0,0,0,0,0,0,0,0,0,0,0,0
15-02-2024,3238.07,-1410.53,0,0,5759.721,0,645.7696,0,6429.873,-2388.75,-3538.14,0,0,0,-3752.7,-2892.28,0,0,393.9125,2143.539,0,-2048.23,0,161.2697,0,-4829.95,0,0,0,0,0,0,0,0,0,0,0,0,0,0,0,0
16-02-2024,-1440.04,-2988.53,0,0,-2308.58,0,-1802.13,0,2183.524,-327.617,-14892.3,0,0,0,-5894.07,2202.741,0,0,1608.44,-1732.48,0,-5611.3,0,-1292.8,0,39718.56,0,0,0,0,0,0,0,0,0,0,0,0,0,0,0,0
20-02-2024,-2373.5,-4199.15,0,0,-4433.33,0,-797.895,0,-1589.81,191.799,0,0,0,0,-5512.3,98.31727,0,0,-912.512,-1608.31,0,0,0,-2886.42,0,158691.7,0,0,0,0,0,0,0,0,0,0,0,0,0,0,0,0
21-02-2024,569.8873,-2.069,0,0,2833.768,0,-396.147,0,1035.467,316.0398,0,0,0,0,-4001.16,2050.561,0,0,2212.556,572.6779,0,0,0,280.9736,0,-22517.3,0,0,0,0,0,0,0,0,0,0,0,0,0,0,0,0
22-02-2024,7529.391,18821.172,0,0,21570.88,0,7954.113,0,3647.131,-1058.47,0,0,0,0,22504.37,-1993.9,0,0,-39.0689,8878.964,0,0,0,7055.327,0,225048.5,0,0,0,0,0,0,0,0,0,0,0,0,0,0,0,0
23-02-2024,103.389,2762.928,0,0,4501.086,0,486.6315,0,281.2622,-3396.94,0,0,0,0,2215.711,-870.949,0,0,-920.058,5383.745,0,0,0,663.9157,0,12041.86,0,0,0,0,0,0,0,0,0,0,0,0,0,0,0,0
26-02-2024,378.8699,106.35261,0,0,-4397.1,0,-2.37978,0,33.57,4732.306,0,0,0,0,-773.507,702.8654,0,0,-2458.86,-1798.21,0,0,0,-5.31109,0,56553.35,0,0,0,0,0,0,0,0,0,0,0,0,0,0,0,0
27-02-2024,-838.545,831.29336,0,0,3532.577,0,-8.02672,0,11.53,-163.185,0,0,0,0,-1357.33,-2366.83,0,0,-335.905,-459.361,0,0,0,-5.57993,0,-100793,0,0,0,0,0,0,0,0,0,0,0,0,0,0,0,0
28-02-2024,-2354.79,2580.7657,0,0,-3892.08,0,26.28995,0,28.78,1278.25,0,0,0,0,-1692.75,0,0,0,1165.099,2823.531,0,0,0,0,0,-85246.9,0,0,0,0,0,0,0,0,0,0,0,0,0,0,0,0
29-02-2024,316.4791,1380.33383,0,0,247.525,-1132.48,27.18975,0,28.78,-231.306,0,0,0,0,2441.219,-1674.5,0,0,-887.218,-3123.91,0,0,0,25.79276,0,270994.8,0,0,0,0,0,0,0,0,0,0,0,0,0,0,0,0
01-03-2024,2887.61,1912.40505,0,0,6127.856,-4718.06,24.99025,0,28.79,-1871.46,0,0,0,4504.884,8325.366,-588.661,0,0,1776.103,5822.111,0,0,0,25.78782,0,109442.2,0,0,0,0,0,0,0,0,0,0,0,0,0,0,0,0
04-03-2024,3869.102,-6099.65,0,0,2157.076,4109.738,-617.275,0,-582.718,345.9424,0,0,0,4821.571,3917.335,6004.18,0,0,-217.106,1390.67,0,0,0,77.39724,0,66133.11,0,0,0,0,0,0,0,0,0,0,0,0,0,0,0,0
05-03-2024,-688.766,-7675.15,0,0,-5602.36,1349.216,-2587.27,0,-2585.27,1184.766,0,0,0,-8798.66,-6187.37,986.5926,0,0,-70.6448,-2116.14,0,0,0,25.84905,0,-10794.7,0,0,0,0,0,0,0,0,0,0,0,0,0,0,0,0
06-03-2024,376.4123,-4551.21,0,0,8428.613,-4081.46,-29.2183,0,48.87156,-2856.04,0,0,0,4440.639,3992.556,-1071.84,0,0,2251.531,6715.498,0,0,0,0,0,30198.64,0,0,0,0,0,0,0,0,0,0,0,0,0,0,0,0
07-03-2024,1301.88,3902.505,0,0,12958.28,364.4711,918.1224,0,11.06251,-4380.04,0,0,0,3821.253,5110.926,-3571.26,0,0,1807.18,5442.983,0,0,0,0,0,-16222.5,0,0,0,0,0,0,0,0,0,0,0,0,0,0,0,0
08-03-2024,-1593.67,-2092.34,0,0,-15514.4,-5170.85,-1517.24,0,-2601.65,-961.27,0,0,0,-6580.39,-7035.52,450.9363,0,0,-826.57,-17128,0,0,0,0,0,39068.66,0,0,0,0,0,0,0,0,0,0,0,0,0,0,0,0
11-03-2024,-28.2504,11092.096,0,0,-6645.56,8628.641,391.4686,0,-830.923,-673.454,0,0,0,-5466.27,-2770.79,-1678.81,0,0,208.3962,-10676.4,0,0,0,0,0,25691.67,0,0,0,0,0,0,0,0,0,0,0,0,0,0,0,0
12-03-2024,1073.192,11004.305,0,0,3913.073,2562.508,2112.429,0,1040.82,-6817.83,0,0,0,6067.84,6524.864,3911.74,0,0,-2559.39,2398.743,0,0,0,0,0,-95986.6,0,0,0,0,0,0,0,0,0,0,0,0,0,0,0,0
13-03-2024,-89.9846,-28.7225,0,0,2515.58,4058.21,-1798.09,0,451.0247,-1863.4,0,0,0,-1933.75,-1431.15,288.5039,0,0,-772.371,-555.371,0,0,0,0,0,-15860.2,0,0,0,0,0,0,0,0,0,0,0,0,0,0,0,0
14-03-2024,-1931.73,-9558.23,0,0,-4379.25,-6020.87,-1560.86,0,58.8246,2477.928,0,0,0,124.4988,-1472.17,2839.19,0,0,-2242.2,-1203.17,0,0,0,0,0,134497.1,0,0,0,0,0,0,0,0,0,0,0,0,0,0,0,0
15-03-2024,-3652.72,-3293.918,0,0,-2219.15,-2116.2,-1140.1,0,263.2304,746.6359,0,0,0,-3994.23,-5344.61,-767.217,0,0,321.2388,-1877.06,0,0,0,0,0,53432.32,0,0,0,0,0,0,0,0,0,0,0,0,0,0,0,0
18-03-2024,-34.5372,-4797.1,0,0,71.73452,983.1643,274.8518,0,-266.477,177.7725,0,0,0,2061.626,-1399.69,-28.582,0,0,-2519.26,-1586.07,0,0,0,0,0,60549.34,0,0,0,0,0,0,0,0,0,0,0,0,0,0,0,0
19-03-2024,1158.263,15420.103,0,0,2284.778,-6611.73,2565.532,0,1804.122,-1342.31,0,0,0,5864.567,3632.691,-587.851,0,0,1291.716,3137.287,0,0,0,0,0,-59585.3,0,0,0,0,0,0,0,0,0,0,0,0,0,0,0,0
20-03-2024,819.995,6158.9017,0,0,7362.225,4962.171,1776.461,0,1068.992,-4445.89,0,0,0,4548.452,5353.789,-5680.82,0,0,-149.481,-165.684,0,0,0,0,0,-48307.7,0,0,0,0,0,0,0,0,0,0,0,0,0,0,0,0
21-03-2024,880.3602,6858.7361,0,0,-5731.29,-259.171,3900.305,0,3262.973,-974.759,0,0,0,1345.058,3410.281,-3747.19,0,0,454.8516,-7391.96,0,0,0,0,0,62695.93,0,0,0,0,0,0,0,0,0,0,0,0,0,0,0,0
22-03-2024,71.12822,-1884.432,0,0,-3860.45,-2187.06,-2072.25,0,-570.846,-651.336,0,0,0,-5670.18,-3533.66,3352.442,0,0,-2597.58,-3029.77,0,0,0,0,0,-18446.6,0,0,0,0,0,0,0,0,0,0,0,0,0,0,0,0
25-03-2024,239.7553,-2079.0194,0,0,1409.664,-1771.39,-1298.76,0,-2821.31,154.4413,0,0,0,-1663.62,-2645.05,3323.876,0,0,-1480.47,-3002.44,0,0,0,0,0,76518.22,0,0,0,0,0,0,0,0,0,0,0,0,0,0,0,0
26-03-2024,-4357.37,9408.901,0,0,-9464.66,-5139.02,-1313.93,0,-848.448,-1753.55,0,0,0,-2133.55,-4756.04,761.1986,0,0,-1230.42,202.4754,0,0,0,0,0,258862.6,0,0,0,0,0,0,0,0,0,0,0,0,0,0,0,0
27-03-2024,1779.445,-4896.12,0,0,25355.72,-2212.21,-941.668,0,1248.415,-2667.76,0,0,0,3327.428,7706.36,-9516.09,0,0,-1157.4,10993.89,0,0,0,0,0,139118.4,0,0,0,0,0,0,0,0,0,0,0,0,0,0,0,0
28-03-2024,299.5362,-2645.952,0,0,5080.621,-2506.29,194.0799,0,3.07352,-381.35,0,0,0,-756.093,715.0359,-3723.48,0,0,-187.481,4396.958,0,0,0,0,0,-186728,0,0,0,0,0,0,0,0,0,0,0,0,0,0,0,0
29-03-2024,0.916964,0.54606,0,0,-93.8447,-1.34358,-0.02696,0,0,-18.766,0,0,0,0.18036,0.518034,-0.05591,0,0,-0.21388,0.517087,0,0,0,0,0,-200.211,0,0,0,0,0,0,0,0,0,0,0,0,0,0,0,0
01-04-2024,960.6388,4033.445,0,0,-2252.67,305.9524,-368.139,0,-74.6184,1273.019,0,0,0,1977.187,-4320.01,8777.822,0,0,-99.1433,-4437.15,0,0,0,0,0,-218348,0,0,0,0,0,0,0,0,0,0,0,0,0,0,0,0
02-04-2024,-4124.08,-7202.005,0,0,-13978.7,3669.627,-3091.03,0,-3897.02,1516.694,0,0,0,-10236.9,-15541.5,3319.984,0,0,813.8912,-1047.5,0,0,0,0,0,-30330.7,0,0,0,0,0,0,0,0,0,0,0,0,0,0,0,0
03-04-2024,-260.038,5435.335,0,0,-10974.6,-2621.4,1805.521,0,1048.978,-962.175,0,0,0,3501.371,6411.54,149.0079,0,0,-483.947,-9572.46,0,0,0,0,0,-5661.65,0,0,0,0,0,0,0,0,0,0,0,0,0,0,0,0
04-04-2024,51.44223,29.0938,0,0,-9914.9,278.4849,-7.11053,0,1.08,2383.642,0,0,0,-6935.8,-49.3947,5525.484,0,0,-6746.09,-7611.26,0,0,0,0,0,-12735.4,0,0,0,0,0,0,0,0,0,0,0,0,0,0,0,0
05-04-2024,61.29997,39.95583,0,0,5508.018,1065.213,9.959999,0,23.97,-1265.87,0,0,0,7139.554,-43.5104,703.9508,0,0,-658.229,476.1278,0,0,0,0,0,-202144,0,0,0,0,0,0,0,0,0,0,0,0,0,0,0,0
08-04-2024,250.3385,244.71195,0,0,-2205.37,-3352.75,76.00848,0,84.15,-626.723,0,0,0,-2409.71,306.0853,-5051.35,0,0,438.5478,-232.808,0,0,0,0,0,93313.31,0,0,0,0,0,0,0,0,0,0,0,0,0,0,0,0
09-04-2024,-2003.62,-5963.49,0,0,8356.052,-284.801,-2707.77,0,-4595.55,-95.6215,0,0,0,-2474.67,-5384.79,-6796.47,0,0,-2480.57,1825.011,0,0,0,0,0,94755.77,0,0,0,0,0,0,0,0,0,0,0,0,0,0,0,0
10-04-2024,-2111.59,-4860.556,0,0,-15181.8,-3239.16,2455.186,0,2140.664,1605.593,0,0,0,-716.136,-10345.4,10502.94,0,0,330.0406,-4553.53,0,0,0,0,0,-501804,0,0,0,0,0,0,0,0,0,0,0,0,0,0,0,0
11-04-2024,-673.861,15047.189,0,0,-2279.62,-3559.62,-1411.56,0,-914.687,-574.01,0,0,0,1081.546,3859.535,246.6462,0,0,582.0877,-2285.28,0,0,0,0,0,-152727,0,0,0,0,0,0,0,0,0,0,0,0,0,0,0,0
12-04-2024,-3814.84,-16650.72,0,0,-11458.6,2779.942,-939.62,0,-1785.56,9166.202,0,0,0,-2198.74,-8904.6,14323.57,0,0,-2294.31,-3315.83,0,0,0,0,0,22271.56,0,0,0,0,0,0,0,0,0,0,0,0,0,0,0,0
15-04-2024,1169.688,-3904.436,0,0,-8287.46,4812.634,-489.373,0,-794.65,3721.737,0,0,0,-3060.7,-8263.52,8981.454,0,0,10200.55,-477.969,0,0,0,0,0,-469066,0,0,0,0,0,0,0,0,0,0,0,0,0,0,0,0
16-04-2024,3513.354,2891.965,0,0,-1590.18,3168.383,2221.609,0,-101.3,5969.273,0,0,0,644.9037,680.03,3989.868,0,0,2090.746,632.1818,0,0,0,0,0,-80964.2,0,0,0,0,0,0,0,0,0,0,0,0,0,0,0,0
17-04-2024,-361.515,-3054.745,0,0,1745.982,-3613.45,-1313.89,0,-893.506,-2782.87,0,0,0,-5483.06,-8309.44,-5044.06,0,0,1424.258,1384.691,0,0,0,0,0,325966.8,0,619.8698,0,0,0,0,0,0,0,0,0,0,0,0,0,0
18-04-2024,-746.381,14828.548,0,0,4098.798,-1461.09,-100.756,0,1737.803,-487.72,0,0,0,-1994.81,-7049.42,-1016.13,0,0,3263.416,6500.383,0,0,0,0,0,-173461,0,1769.25,0,0,0,0,0,0,0,0,0,0,0,0,0,0
19-04-2024,-14630.2,2607.4095,0,0,308.1724,1801.969,336.3535,0,-2030.06,-946.253,0,0,0,-4942.61,-14053.1,-2558.22,0,0,3371.508,18471.11,0,0,0,0,0,-5708,0,8717.279,0,0,0,0,0,0,0,0,0,0,0,0,0,0
22-04-2024,-2920.83,-105.216,0,0,3340.816,4534.945,-312.438,0,-1088.83,-2438.3,0,0,0,-307.356,4665.282,-1191.89,0,0,-2294.12,12642.24,0,0,0,0,0,20738.47,0,4545.643,-2349.15,0,0,0,0,0,0,0,0,0,0,0,0,0
23-04-2024,5019.837,11445.748,0,0,4503.4,3799.051,1157.546,0,1755.595,-2350.47,0,0,0,3093.512,10774.01,-1950.9,-852.643,0,1046.87,4449.787,0,0,0,0,-1066.55,141056.2,0,2627.343,-1954.91,0,0,0,0,0,0,0,0,0,0,0,0,0
24-04-2024,1880.207,5156.2646,0,0,5861.226,959.8007,505.6874,0,1018.8,532.9998,0,0,0,884.5705,473.0402,-1391.72,-905.058,0,3159.506,2152.086,0,0,0,0,445.3151,-55307.1,0,5368.249,953.1108,0,0,0,0,0,0,0,0,0,0,0,0,0
25-04-2024,-764.54,15110.121,0,0,-2713.49,-2445.31,-1776.46,0,-4070.91,-906.774,0,0,0,2329.951,-1695.64,3032.281,11546.8,0,-1883.5,-2498.97,0,0,0,0,2161.76,-29195.8,0,-1463.45,-2318.89,0,0,0,0,0,0,0,0,0,0,0,0,0
26-04-2024,8094.7,18445.451,0,0,-3409.22,1569.53,-1220.34,0,-618.632,-4033.16,0,0,0,-1612.87,8333.983,-138.147,4293.639,0,-3765.32,-13984.6,0,0,0,0,-2161.49,34479.92,0,-13693.8,-5966.77,0,0,0,0,0,0,0,0,0,0,0,0,0
29-04-2024,3365.257,-810.9057,0,0,2483.398,789.8669,-585.35,0,-463.604,-948.193,0,0,0,1346.479,5587.311,-5791.37,773.6112,0,-1525,2444.504,0,0,0,0,-2271.26,212007.6,0,1293.252,-1141.02,0,0,0,0,0,0,0,0,0,0,0,0,0
30-04-2024,2824.718,-6778.7,0,0,-23041.4,5144.277,-1011.45,0,1114.539,4638.589,0,0,0,-1668.72,-18892.8,9823.126,-3442.46,0,326.1871,23.22999,0,0,0,0,4302.737,-39121.9,0,2582.594,6085.713,0,0,0,0,0,0,0,0,0,0,0,0,0
01-05-2024,-3496.322334,-7426.323172,0,0,-7697.887372,-6541.086291,-4281.055817,0,-3819.253819,-263.053711,0,0,0,-2028.094542,-2450.51524,-973.4624193,-720.3740275,0,"-6,396.15",-7977.605616,0,0,0,0,283.2396007,483249,0,-11907.387,763.4932198,0,0,0,0,0,0,0,0,0,0,0,0,0
02-05-2024,-336.8456725,14718.69426,0,0,0,6635.301812,155.0427339,0,494.2755393,-2541.614517,0,0,0,1208.213356,3607.480881,-5085.63,489.0032272,0,308.64,2906.943297,0,0,0,0,0,-85681.9,0,-308.6294254,-7702.905455,0,0,0,0,0,0,0,0,0,0,0,0,0
03-05-2024,-689.9260767,844.0682453,0,0,-187.854319,1171.501152,2981.213429,0,1043.597969,-2591.489135,0,0,0,2948.21222,5347.870176,-4269.991723,649.4802456,0,"-1,599.63",3984.996849,0,0,0,0,-651.607763,235919.88,0,2129.246161,-7205.129766,0,0,0,0,0,0,0,0,0,0,0,0,0
06-05-2024,5129.163,6251.448,0,0,197.2173,2972.03,2389.14,0,3806.028,-9.03915,0,0,0,7071.49,10247.54,-1064.35,3347.549,0,-1182.34,-224.605,0,0,0,0,-468.783,61558.04,0,587.9858,-1908.15,0,0,0,0,0,0,0,0,0,0,0,0,0
07-05-2024,709.04,-237.7019,0,0,-733.36,-4561.19,213.2748,0,-1159.51,-2298.97,0,0,0,-7467.93,35.0485,-3026.16,-1367.25,0,-2182.87,5267.883,0,0,0,0,-670.515,248806.2,0,1008.572,-4137.9,0,0,0,0,0,0,0,0,0,0,0,0,0
08-05-2024,-1965.74,-8450.58,0,0,-2596.79,-9033.02,-0.02298,0,-2.98,1440.152,0,0,0,-2778.31,-5821.51,3913.041,-948.34,0,715.5047,-3527.21,0,0,0,0,486.0693,-196860,0,-4006.09,638.5745,0,0,0,0,0,0,0,0,0,0,0,0,0
09-05-2024,-936.805,7683.4164,0,0,3237.431,-1932.44,2.687319,0,-1.14,-5715.95,0,0,0,2963.092,4760.177,-3723.08,2178.31,0,-1703.65,5443.151,0,0,0,0,-839.647,257207.3,0,418.1641,-4441.73,0,0,0,0,0,0,0,0,0,0,0,0,0
10-05-2024,2439.21,-1095.133,0,0,-2863.81,-323.068,25.43675,0,27.79,-3788.48,0,0,0,-2240.49,4511.627,325.9828,1671.597,0,3681.187,-4704.59,0,0,0,0,375.7419,-399332,0,-587.928,-5973.11,0,0,0,0,0,0,0,0,0,0,0,0,0
13-05-2024,-9132.38,3398.3036,0,0,-108.64,-361.815,74.1038,0,80.49,74.87234,0,0,0,-2025.13,-5937.42,-196.078,-2568.09,0,-795.896,-351.978,0,0,0,0,-284.913,225429.8,0,-45.9367,-16.4096,0,0,0,0,0,0,0,0,0,0,0,0,0
14-05-2024,521.2591,497.078,0,0,-35.2358,-1496.04,22.81986,0,26.83,36.87995,0,0,0,3723.434,4049.687,-1740.76,-3156.51,0,-2151.57,-117.242,0,0,0,0,-601.681,250022.6,0,-33.1474,0.661688,0,0,0,0,0,0,0,0,0,0,0,0,0
15-05-2024,15513.55,8549.09,0,0,0,9280.912,0,0,0,0,0,0,0,8882.142,30821.48,-4000.3,2370.362,0,3721.125,0,0,0,5594.836,0,-1259.55,789044.1,0,0,0,0,0,0,0,0,0,0,0,0,0,0,0,0
16-05-2024,-5534.8,1535.746,0,0,0,-2997.79,0,0,0,0,0,0,0,-5852.68,-12603.8,-1042.92,-2244.44,0,-1068.99,0,0,0,-4991.61,0,298.7962,-97187.7,0,0,0,0,0,0,0,0,0,0,0,0,0,0,0,0
17-05-2024,555.7011,617.9861,0,0,0,-2865.06,0,0,0,0,0,0,0,1686.265,4355.798,4498.17,-1005.42,0,-629.003,0,0,0,754.5263,0,661.2705,-362247,0,0,0,0,0,0,0,0,0,0,0,0,0,0,0,0
20-05-2024,2290.13,1354.9,0,1422.42,0,6928.424,0,0,0,0,0,0,0,6839.712,4816.59,2447.086,-328.749,0,189.41,0,0,0,1373.72,0,998.96,-104522.04,0,0,0,0,0,0,0,0,0,0,0,0,0,0,0,0
21-05-2024,6145.099,-4227.23,0,5168.004,0,-3180.93,0,0,0,0,0,0,0,656.4101,2751.814,-1159.7,873.2899,0,764.9468,0,0,0,-638.409,0,-271.649,53899.34,0,0,0,3763.174,0,0,0,0,0,0,0,0,0,0,0,0
22-05-2024,-1643.26,-4466.94,0,-10886.2,0,-896.543,0,0,0,0,0,0,0,-3249.59,-2733.42,2578.514,-986.091,0,-1555.66,0,0,0,-1569.89,0,542.2047,-23850.3,0,0,0,"-5,203.75",0,0,0,0,0,0,0,0,0,0,0,0
23-05-2024,2166.991,-6037.8,0,-8346.07,0,-1912.37,0,0,0,0,0,0,0,-2388.51,-8964.43,10353.97,-2447.87,0,1970.573,0,0,0,-4601.61,0,3533.012,-230476,0,0,0,-6459.79,0,0,0,0,0,0,0,0,0,0,0,0
24-05-2024,-1337.5,465.4512,0,498.6691,0,-74.6141,0,0,0,0,0,0,0,2868.461,9696.655,-3574.88,106.0676,0,-1115.59,0,0,0,2551.699,0,-1774.02,-22334.7,0,0,0,6410.38,0,0,0,0,0,0,0,0,0,0,0,0
27-05-2024,141.1621,142.7568,0,-11.2988,0,26.2267,0,0,0,0,0,0,0,0.33066,71.42575,-0.24456,0.33049,0,0.009224,0,0,0,70.21243,0,-0.21066,1684.936,0,0,0,71.40923,0,0,0,0,0,0,0,0,0,0,0,0
28-05-2024,1429.832,-2777.36,0,7831.017,0,-1197.9,0,0,0,0,0,0,0,512.0061,-6927.95,8923.543,562.77,0,3189.94,0,0,0,-2390.79,0,3262.168,-431326,0,0,0,-6323.58,0,0,0,0,0,0,0,0,0,0,0,0
29-05-2024,-3810.49,-6485.51,0,16398.42,0,1506.874,0,0,0,0,0,0,0,-1897.99,-12093.4,7701.428,-4492.81,0,3590.252,0,0,0,-3468.64,0,2965.89,-485783,0,0,0,-11103.6,0,0,0,0,0,0,0,0,0,0,0,0
30-05-2024,3019.017,-6516.86,0,-10534.8,0,-4795.72,0,0,0,0,0,0,0,-2220.41,-36.2359,-6545.71,-2171.75,0,-2157.05,0,0,0,728.2141,0,-2185.74,396925.3,0,0,0,1067.071,0,0,0,0,0,0,0,0,0,0,0,0
31-05-2024,754.5547,2525.012,0,-2418.25,0,1330.421,0,0,0,0,0,0,0,-463.062,-1023.43,-10760.7,296.0646,0,-2229.24,0,0,0,1082.848,0,-2080.42,240007.2,0,0,0,2898.582,0,0,0,0,0,0,0,0,0,0,0,0
03-06-2024,317.1007,-1339.78,0,-6408.14,0,-1732.35,0,0,0,0,0,0,0,-6486.21,-5947.98,-655.932,-4113.93,0,-3108.93,0,0,0,-2240.09,0,-44.3401,925154.6,0,0,0,-9935.67,0,0,0,0,0,0,0,0,0,0,0,0
04-06-2024,64.74228,-3383.27,0,-2190.91,0,-1224.84,0,0,0,0,0,0,0,-306.377,-14.1351,1452.874,-27.1899,0,-2655.01,0,0,0,-52.6437,0,41.71921,392846.4,0,0,0,-1.12181,-1745.86,0,0,0,0,0,0,0,0,0,0,0
05-06-2024,3303.561,5557.372,0,5042.93,0,-535.552,0,0,0,0,0,0,0,2829.217,2373.361,-2540.17,4670.18,0,2526.565,0,0,0,798.0345,0,-1434.58,16019.37,0,0,0,4524.499,4568.275,0,0,0,0,0,0,0,0,0,0,0
06-06-2024,766.1043,-877.719,0,-1378.69,0,691.6656,0,0,0,0,0,0,0,472.1512,-6072.79,2778.974,1987.361,0,-33.3249,0,0,0,-1785.21,0,532.9502,65045.98,0,0,0,-1607.78,-2586.9,0,0,0,0,0,0,0,0,0,0,0
07-06-2024,4824.495,-1778.37,0,-4605.04,0,-2462.91,0,0,0,0,0,0,0,494.4161,-3092.56,4652.444,-3002.96,0,-4421.75,0,0,0,-1122.73,0,5748.116,-568806,0,0,0,-798.453,-1264.64,0,0,0,0,0,0,0,0,0,0,0
10-06-2024,0,2167.237,0,16472.71,0,-280.495,0,0,0,0,0,0,0,1170.611,0,-302.183,-1123.93,0,-1413.34,0,0,0,0,0,0,-179075,0,0,0,0,858.6273,0,0,0,0,0,0,0,0,0,0,0
11-06-2024,0,1235.901,0,-15010.3,0,-3912.85,0,0,0,0,0,0,0,-2808.58,0,2490.048,260.0012,0,186.6364,0,0,0,0,0,0,291444.8,0,0,0,0,-1722.41,0,0,0,0,0,0,0,0,0,0,0
12-06-2024,0,9141.872,0,-17368,0,33.06796,0,0,0,0,0,0,0,1415.911,0,-7706.9,7904.668,0,-541.384,0,0,0,0,0,0,822965.3,0,0,0,0,3218.964,0,0,0,0,0,0,0,0,0,0,0
13-06-2024,0,8522.204,0,3526.6,0,2651.821,0,0,0,0,0,0,0,-1312.46,0,651.3033,3855.325,0,-1756.4,0,0,0,0,0,0,17555.54,0,0,0,0,-6690.73,0,0,0,0,0,0,0,0,0,0,0
14-06-2024,0,-1866.61,0,503.6663,0,-2030.33,0,0,0,0,0,0,0,-472.705,0,6555.355,-270.836,0,1372.638,0,0,0,0,0,0,5369.382,0,0,0,0,-7552.02,-182.787,0,0,0,0,0,0,0,0,0,0
17-06-2024,0,4859.339,0,6020.145,0,1621.25,0,0,0,0,0,0,0,3604.708,0,3279.814,6699.901,0,-224.498,0,0,0,0,0,0,43188.89,0,0,0,0,7246.198,3935.368,0,0,0,0,0,0,0,0,0,0
18-06-2024,0,3443.279,0,4210.961,0,-696.03,0,0,0,0,0,0,0,1130.871,0,-3479.68,4756.59,0,675.2876,0,0,0,0,0,0,-330063,0,0,0,0,1204.421,2027.884,0,0,0,0,0,0,0,0,0,0
19-06-2024,0,-0.13525,0,-3.94134,0,9.834388,0,0,0,0,0,0,0,0.12024,0,0.474421,0.120173,0,53.11065,0,0,0,0,0,0,-121.88,0,0,0,0,-0.06059,-0.17088,0,0,0,0,0,0,0,0,0,0
20-06-2024,-292.057,-1700.22,0,-4203.35,0,-558.266,0,0,0,0,0,0,0,-151.604,-5783.03,-379.227,-3705.47,0,-791.172,0,0,0,0,0,0,256465.5,0,0,0,0,2496.062,4951.804,0,0,0,0,0,0,0,0,0,0
21-06-2024,73.23203,-112.538,0,-2898.87,0,1329.178,0,0,0,0,0,0,0,-2051.62,-2588.95,-661.106,1462.52,0,-0.77414,0,0,0,0,0,0,99972.24,0,0,0,0,4992.098,-1708.67,0,0,0,0,0,0,0,0,0,0
24-06-2024,-806.279,-1153.25,0,-4121.22,0,-1241.62,0,0,0,0,0,0,0,-903.552,1376.336,-1067.78,-737.342,0,-210.729,0,0,0,0,0,0,69601.14,0,0,0,0,6783.562,-4153.64,373.2641,0,0,0,0,0,0,0,0,0
25-06-2024,2996.741,-3295.57,0,184.7013,0,0,0,0,0,0,0,0,0,-3075.94,-762.586,2388.482,-21.1327,0,1462.674,0,0,0,0,0,0,21891.01,0,0,0,0,-30535.5,3674.295,181.4381,0,0,0,0,0,0,0,0,0
26-06-2024,-3360.95,2960.267,0,0,0,0,0,0,0,0,0,0,0,-762.502,-5861.9,-912.653,-702.885,0,1389.743,0,0,0,0,0,0,-82346.3,0,0,0,0,160.6989,-5483.83,75.03052,0,-1155.14,0,0,0,0,0,0,0
27-06-2024,17906.48,618.3896,0,0,0,0,0,0,0,0,0,0,0,5878.35,1211.448,6265.892,-1042.66,0,-33.6691,0,0,0,0,0,0,145226.8,0,0,0,0,8169.041,6778.867,2612.623,0,2225.74,-744.158,0,0,0,0,0,0
28-06-2024,-16348.5,-190.036,0,0,0,0,0,0,0,0,0,0,0,2463.816,-8562.16,516.043,-1060.07,0,-1068.81,0,0,0,0,0,0,-46442.5,0,0,0,0,15944.72,1402.709,-2828.18,0,1411.418,-2094.68,0,0,0,0,0,0
01-07-2024,-1377.41,-1221.86,0,0,0,0,0,0,0,0,0,0,0,686.099,-3207.6,3697.396,2716.006,0,7259.139,0,0,0,0,0,0,-379332,0,0,0,0,-20410.6,5233.301,658.2393,0,5559.766,1762.75,0,0,0,0,0,0
02-07-2024,-3827.7,5122.451,0,0,0,0,0,0,0,0,0,0,0,-1131.65,6521.399,-2975.82,1494.307,0,-1272.54,0,0,0,0,0,0,150699.5,0,0,0,0,-8137.17,-8000.77,1855.04,0,-1890.09,4638.741,0,0,0,0,0,0
03-07-2024,-1637.8,4007.198,0,0,0,0,0,0,0,0,0,0,0,-664.157,6137.075,-4566.69,377.5419,0,-2932.31,0,0,0,0,0,0,493977,0,0,0,0,-2511.5,18086.58,1783.066,0,20586.42,5793.025,0,0,0,0,0,0
04-07-2024,0.575874,-0.77931,0,0,0,0,0,0,0,0,0,0,0,0.69138,0.001121,-0.84781,0.691036,0,0.233099,0,0,0,0,0,0,2869.147,0,0,0,0,-0.13874,-11.215,-0.08679,0,-0.15653,0.419173,0,0,0,0,0,0
05-07-2024,2657.633,3030.551,0,0,0,0,0,0,0,0,0,0,0,0,10109.9,-1350.93,3618.941,0,-851.377,0,0,0,0,0,0,426816.5,0,0,0,0,-24515,19137.1,1436.209,0,13501.84,-2415.74,0,0,0,0,0,0
08-07-2024,14608.88,-3467.68,0,0,0,0,0,0,0,0,0,0,0,0,2063.574,-2133.63,-5710.09,0,539.5404,0,0,0,0,0,0,69066.89,0,0,0,0,6594.453,5234.514,-450.933,0,-5795.89,6142.882,0,0,0,0,0,0
09-07-2024,1868.746,-1366.29,0,0,0,0,0,0,0,0,0,0,0,0,418.3685,4423.678,-36.6194,0,-900.363,0,0,0,0,0,0,-256799,0,0,0,0,-2337.2,-8332.38,-232.835,0,-4229.95,260.7503,0,0,0,0,0,0
10-07-2024,1976.54,1076.414,0,0,0,0,0,3111.161,0,0,0,0,0,0,6030.2,-2250.28,1948.62,0,1798.571,0,0,0,0,0,0,174703.2,0,0,0,0,8165.689,6850.257,191.2089,0,5420.972,14439.46,0,0,0,0,0,0
11-07-2024,3119.749,7942.068,0,0,0,0,0,-10167,0,0,0,0,0,0,-931.828,-5361.03,-322.711,0,0,0,0,0,0,0,0,509013.1,0,0,0,0,18498.48,-7413.93,2287.136,0,1447.986,-6751.49,-1075.21,0,0,0,0,0
12-07-2024,3564.919,763.0912,0,0,0,0,0,2028.976,0,0,0,0,0,0,4941.795,-2644.16,1807.292,0,0,0,0,0,0,0,0,3434.871,0,0,0,0,5219.927,1074.017,-30.5341,0,3295.329,4691.591,-117.954,0,0,0,0,0
15-07-2024,130.8899098,-1289.495538,0,0,0,0,0,849.5502857,0,0,0,0,0,0,1968.474872,2501.78688,-3130.793405,0,0,0,0,0,0,0,0,-62773.58965,0,0,0,0,4529.015457,-14010.32782,-1096.475854,0,-5525.025724,4932.575792,-610.8450816,0,0,0,0,0
16-07-2024,3375.081044,-6587.734542,0,0,0,0,0,-6252.246217,0,0,0,0,0,0,7482.985116,-5279.996853,247.9363072,0,0,0,0,0,0,0,0,117799.3384,0,0,0,0,15163.65149,-2746.293614,-4050.556417,0,-1955.032071,1100.004741,-2343.280411,0,0,0,0,0
17-07-2024,325.3170609,5215.267536,0,0,0,0,0,-5210.125456,0,0,0,0,0,0,-9337.001447,2100.242461,-2425.248604,0,0,0,0,0,0,0,0,13713.16925,0,0,0,0,-376.9598999,-11851.06821,-2283.119986,0,-1517.837272,-21074.82021,567.0998151,0,0,0,0,0
18-07-2024,-2124.578277,-1111.952978,0,0,0,0,0,3445.622803,0,0,0,0,0,0,-777.1679058,7785.817578,-486.7711509,0,0,0,0,0,0,0,0,-129525.6425,0,0,0,0,-4693.669696,989.0373767,2516.333587,0,-8050.788233,-188.0087951,-2058.78908,0,0,0,0,0
19-07-2024,694.8066001,-4637.673212,0,0,0,0,0,-841.383484,0,0,0,0,0,0,-1898.815661,2266.540178,-78.65062646,0,0,0,0,0,0,0,0,-83851.8922,0,0,0,0,-2792.800667,-2303.434754,-9203.570149,0,-15296.74604,-2185.431333,53.85468032,0,0,0,0,0
22-07-2024,909.4463442,-3180.401025,0,0,0,0,0,1470.457784,0,0,0,0,0,0,6269.19356,-4183.044211,2181.090303,0,0,0,0,0,0,0,0,61218.94958,0,0,0,0,5370.613587,-890.5179451,6822.564842,0,-2768.924506,3731.748468,162.0645756,0,0,0,0,0
23-07-2024,-120.5928183,-37.173369,0,0,0,0,0,-516.2838955,0,0,0,0,0,0,-349.4165969,198.779825,671.8033662,0,0,0,0,0,0,0,0,317465.7879,0,0,0,0,765.7616483,102.6092191,396.4413451,0,-3552.542408,1200.34745,819.8499884,0,0,0,0,0
24-07-2024,122.2346476,-311.074518,0,0,0,0,0,-8043.596352,0,0,0,0,0,0,-10588.85267,2929.40014,-7217.979666,0,0,0,0,0,0,0,0,-289452.0637,0,0,0,0,-4743.622607,-51.5330286,1655.144514,0,-3266.175393,-5566.106388,-1122.060227,0,0,0,0,0
25-07-2024,-1829.601918,-2038.099815,0,0,0,0,0,-6139.422977,0,0,0,0,0,0,-4708.197658,2562.987157,-3324.945215,0,0,0,0,0,0,0,0,-215353.5283,0,0,0,0,4156.008287,-1708.915202,-4185.670395,0,-15694.03669,31.19469792,1570.264783,0,0,0,0,0
26-07-2024,1586.417824,-2039.923593,0,0,0,0,0,2886.947307,0,0,0,0,0,0,4300.641418,-3022.240702,-1396.227097,0,0,0,0,0,0,0,0,246299.6111,0,0,0,0,4100.568211,-687.6392542,-2752.125497,0,913.2253843,1315.183739,-286.7102138,0,0,0,0,0
29-07-2024,520.7919506,-1158.069901,0,0,0,0,0,-1645.187142,0,0,0,0,0,0,-458.5246354,-465.9737174,-1033.426576,0,0,0,0,0,0,0,0,128281.5558,0,0,0,0,-2261.793159,-1348.117278,-695.7262122,0,-10458.92116,-386.2951652,301.1776248,0,0,0,0,0
30-07-2024,-155.6011551,914.5902644,0,0,0,0,0,-4241.758224,0,0,0,0,0,0,1654.627004,-1940.199442,1335.962601,0,0,0,0,0,0,0,0,-89542.18232,0,0,0,0,2395.544477,-383.633677,1696.667102,0,5625.218191,-273.4117643,-1068.545439,0,0,0,0,0
31-07-2024,-1633.44056,2011.552788,0,0,0,0,0,3911.340035,0,0,0,0,0,0,6610.320648,-4514.625316,6347.875332,0,0,0,0,0,0,0,0,-56913.7764,0,0,0,0,1375.018936,2731.910076,2130.195222,0,23129.04459,2183.399461,1769.525286,0,0,0,0,0
01-08-2024,1930.921693,-5241.033614,0,0,0,0,0,-4100.064149,0,0,0,0,0,0,-4436.133385,-1005.762981,-35.18477075,0,0,0,0,0,0,0,0,-577185.3328,0,0,0,0,-5825.76611,-1485.71953,-13689.78985,0,-20232.16445,-4242.534213,-712.8264618,0,0,0,0,0
02-08-2024,560.570244,-11688.02135,0,0,0,0,0,-1913.513231,0,0,0,0,0,0,-2826.468945,1430.60999,-2072.407313,0,0,0,0,0,0,0,0,-546533.8275,0,0,0,0,-7915.053618,-1723.930201,-9678.888185,0,-4673.822151,-2190.131054,-566.9625151,0,0,0,0,0
05-08-2024,3550.82122,-6670.207261,0,0,0,0,0,-10102.35754,0,0,0,0,0,0,-2551.569542,11328.45079,-5770.039939,0,0,0,0,0,0,0,0,-538788.4021,0,0,0,0,-8521.433265,-9487.024274,-5273.750071,0,-3848.095079,-770.2333366,985.0320147,0,0,0,0,0
06-08-2024,149.6720717,51.09076,0,0,0,0,0,2373.069142,0,0,0,0,0,0,77.81340179,-2159.446431,4585.284929,0,0,0,0,0,0,0,0,73445.62343,0,0,0,0,16.34593608,44.27760359,42.61485759,0,1432.145363,46.04991686,-1762.664442,0,0,0,0,0
07-08-2024,945.0111426,65.736342,0,0,0,0,0,-6426.164096,0,0,0,0,0,0,99.08008007,730.1177435,-1928.709591,0,0,0,0,0,0,0,0,659010.5052,0,0,0,0,46.10135331,66.57786576,46.77105915,0,-195.7664637,64.78076808,-1509.573819,0,0,0,0,0
08-08-2024,-1355.467283,9077.499641,0,0,0,0,0,4933.964566,0,0,0,0,0,0,279.3599915,-3527.919871,1963.639642,0,0,0,0,0,0,0,0,502443.2586,0,0,0,0,1717.759468,4455.631941,3947.892635,0,5305.052844,1253.364952,1014.151424,0,0,0,0,0
09-08-2024,491.7863649,6184.650682,0,0,0,0,0,422.3541981,0,0,0,0,0,0,3182.553661,-423.146629,4363.139922,0,0,0,0,0,0,0,0,-2438.779909,0,0,0,0,1171.12852,5862.729977,2025.874028,0,3066.591089,1090.418656,128.2403327,1723.290503,0,0,0,0
12-08-2024,953.8991841,-267.7507917,0,0,0,0,0,4559.79416,0,0,0,0,0,0,185.8679022,3032.264633,1405.339949,0,0,0,0,0,0,0,0,175845.8033,0,0,0,0,-3468.200099,1708.259363,6935.622238,0,26206.18759,455.1560539,151.7817188,2258.300306,0,0,0,0
13-08-2024,5120.968569,1295.630935,0,0,0,0,0,7427.845814,0,0,0,0,0,0,2388.358506,-6575.441791,-9033.70439,0,0,0,0,0,0,0,0,122118.2516,0,0,0,0,9895.049603,6549.926964,2114.177355,0,-9961.95734,2377.913531,1079.870159,6565.178381,0,0,0,0
14-08-2024,1359.816981,1947.164992,0,0,0,0,0,-694.8778493,0,0,0,0,0,0,1841.953436,-630.8499166,-681.9891519,0,0,0,0,0,0,0,0,1073.18546,0,0,0,0,-740.1145027,2768.122242,-2552.019991,0,-15868.94935,860.0964531,206.2218859,1334.41587,0,0,0,0
15-08-2024,5894.317889,16895.46137,0,0,0,0,0,4191.935788,0,0,0,0,0,0,6981.194725,-1616.732035,2832.144455,0,0,0,0,0,0,0,0,483195.4116,0,0,0,0,5741.356159,1256.900806,16303.26391,0,27321.96123,5265.559867,-633.9174024,5934.409475,0,0,0,0
16-08-2024,-1048.951558,3966.90521,0,0,0,0,0,-2333.21825,0,0,0,0,0,0,-251.9062062,-1732.133517,-2779.972213,0,0,0,0,0,0,0,0,-93420.62977,0,0,0,0,-400.8928396,1410.442381,-3755.22955,0,-3850.113553,-628.1831475,1579.086269,-3416.890587,0,0,0,0
19-08-2024,-331.9655629,-2988.237425,0,0,0,0,0,3318.444785,0,0,0,0,0,0,2564.995028,-3348.062891,433.8126188,0,0,0,0,0,0,0,0,-195797.1912,0,0,0,0,2071.338832,1609.861509,-2907.896636,0,-191.6110089,2262.906286,-2347.37625,1865.595795,0,0,0,0
20-08-2024,880.3776651,5190.457781,0,0,0,0,0,-2429.822903,0,0,0,0,0,0,-215.081205,-726.1261642,-374.4779971,0,0,0,0,0,0,0,0,-275926.2772,0,0,0,0,-3233.510301,-68.35844601,2692.539657,0,-736.9033572,-1410.983178,-1909.975995,-285.5580753,0,0,0,0
21-08-2024,1128.177249,10.70062749,0,0,0,0,0,3075.335104,0,0,0,0,0,0,4538.229301,-2493.688177,-2353.754653,0,0,0,0,0,0,0,0,-204413.124,0,0,0,0,2760.963305,306.7992318,3490.992487,0,-1167.692856,3090.618182,-1573.1799,2776.328221,0,0,0,0
22-08-2024,-582.3665078,-4358.473228,0,0,0,0,0,-6566.618121,0,0,0,0,0,0,746.9189953,2189.887636,-3009.282467,0,0,0,0,0,0,0,0,178612.4589,0,0,0,0,-205.4907809,-2424.575277,-8834.123843,0,-3793.09034,-763.4214357,-37.39758645,-5012.523353,0,0,0,0
23-08-2024,-722.7340162,-3757.35961,0,0,0,0,0,-1508.55199,0,0,0,0,0,0,1722.714173,-4699.597642,2889.451647,0,0,0,0,0,0,0,0,-6098.865284,0,0,0,0,-1083.512271,45.73747221,6929.204804,0,13526.12419,1116.421629,2927.29074,646.424703,0,0,0,0
26-08-2024,-1747.759669,-4494.696842,0,0,0,0,0,-1455.884204,0,0,0,0,0,0,-118.1316319,-1833.93698,-1683.80992,0,0,0,0,0,0,0,0,171240.3715,0,0,0,0,-1698.791291,-1807.637625,-1704.439965,0,10482.81963,-374.6056001,4762.960527,30.35431915,0,0,0,0
27-08-2024,340.9577646,-5246.819143,0,0,0,0,0,445.9922471,0,0,0,0,0,0,1114.784156,-68.98933412,-1714.064279,0,0,0,0,0,0,0,0,-305499.0831,0,0,0,0,-920.7974985,2217.528507,-3309.334828,0,-5395.12701,-529.1165778,-5310.813835,139.0623106,0,0,0,0
28-08-2024,-2728.713341,-7845.604427,0,0,0,0,0,-2287.275406,0,0,0,0,0,0,-4043.026595,2251.981705,-3030.13441,0,0,0,0,0,0,0,0,-13912.12056,0,0,0,0,11.96968722,604.8282028,-2043.115462,0,-16875.17273,-3150.643203,688.8186353,-552.5581924,0,0,0,0
29-08-2024,-1314.606212,-1811.928482,0,0,0,0,0,-595.8564908,0,0,0,0,0,0,-1279.739147,299.3731753,-3315.366425,0,0,0,0,0,0,0,0,174754.5764,0,0,0,0,643.7754008,-2068.616189,1596.452595,0,9499.475594,-715.1251558,-1886.96107,4608.011452,0,0,0,0
30-08-2024,953.1415105,-494.6111957,0,0,0,0,0,2608.42002,0,0,0,0,0,0,4337.133552,-1724.347839,2308.698629,0,0,0,0,0,0,0,0,98735.4757,0,0,0,0,2542.29882,-820.6734964,3897.188743,0,-19580.99974,2695.011119,2390.172027,2227.771944,0,0,0,0
02-09-2024,-216.1923873,-0.8532,0,0,0,0,0,54.33999977,0,0,0,0,0,0,0.001571683,-213.3907291,0.751110767,0,0,0,0,0,0,0,0,7081.490539,0,0,0,0,0.002928297,-12.29132006,0.020149713,0,0.110258636,0.125169476,0.250202974,-0.055160675,0,0,0,0
03-09-2024,170.6203767,4184.388922,0,0,0,0,0,-6944.34551,0,0,0,0,0,0,-2031.768457,5145.984379,-3105.216815,0,0,0,0,0,0,0,0,-26153.10365,0,0,0,0,-3312.802682,-4908.084437,1005.135779,0,-27851.97576,-2070.693505,11609.21229,-2092.786896,0,0,0,0
04-09-2024,-1308.966988,10894.65147,0,0,0,0,0,-253.7603384,0,0,0,0,0,0,-33.5473233,-511.7106759,-438.8331763,0,0,0,0,0,0,0,0,-161408.9606,0,0,0,0,-0.242144701,-9.367312223,41.8019127,0,-4256.181958,2.213769655,3794.600579,31.56635971,0,0,0,0
05-09-2024,-4387.480812,287.7587646,0,0,0,0,0,677.1860658,0,0,0,0,0,0,-1250.881707,1562.505814,-308.5920698,0,0,0,0,0,0,0,0,-78547.44177,0,0,0,0,-2598.97922,614.8942145,-2674.040474,0,11105.53612,-459.7579315,-868.0797502,-2805.027563,0,0,0,0
06-09-2024,1104.683043,-4836.627451,0,0,0,0,0,-2873.073204,0,0,0,0,0,0,-4512.378176,9046.349054,-2915.285952,0,0,0,0,0,0,0,0,-197057.0794,0,0,0,0,-5995.011704,-6474.008163,-5015.745321,0,-19299.10074,-2472.447958,3075.952224,-6709.934103,0,0,0,0
09-09-2024,-1810.571263,686.7960394,0,0,0,0,0,1185.149098,0,0,0,0,0,0,2479.667257,-6114.007019,-42.41133553,0,0,0,0,0,0,0,0,293754.2688,0,0,0,0,-334.2076227,5474.909746,2346.538226,0,14463.2417,562.9534126,2693.282437,754.1633811,0,0,0,0
10-09-2024,-624.5579462,3621.051388,0,0,0,0,0,1055.76828,0,0,0,0,0,0,778.815121,1199.807058,763.7709818,0,0,0,0,0,0,0,0,-233469.9101,0,0,0,0,-1541.634138,-2308.202483,3493.517477,0,-13903.4157,333.7587209,-6231.561561,1935.051962,0,0,0,0
11-09-2024,-76.25659868,5777.838199,0,0,0,0,0,5040.982995,0,0,0,0,0,0,-5501.099343,-2541.347835,-1812.732189,0,0,0,0,0,0,0,0,151668.9181,0,0,0,0,-9114.442368,-5488.883303,-732.9785522,0,11368.33578,-2742.905206,-755.5095491,-4651.877305,0,0,0,0
12-09-2024,21.58726747,177.3733425,0,0,0,0,0,1822.655072,0,0,0,0,0,0,35.45645041,-1758.408301,4169.251086,0,0,0,0,0,0,0,0,99643.30027,0,0,0,0,0.030458029,-718.3852105,42.91516621,0,23886.3546,12.92956695,5323.296261,31.62600599,0,0,0,0
13-09-2024,41.02442791,7719.993479,0,0,0,0,0,2392.070545,0,0,0,0,0,0,80.18984763,-3062.844149,-3466.331136,0,0,0,0,0,0,0,0,-171620.2088,0,0,0,0,45.17947751,71.56220833,45.65063308,0,12730.32577,39.88717638,2237.745231,31.85527645,0,0,0,0
16-09-2024,115.7413705,2145.231264,0,0,0,0,0,-2782.227398,0,0,0,0,0,0,240.5773913,-1484.532601,4488.396249,0,0,0,0,0,0,0,0,-1830.785117,0,0,0,0,135.4519634,163.8880984,137.2499161,0,9096.263077,118.5986429,4264.349806,95.29397724,0,0,0,0
17-09-2024,43.50019525,3307.936957,0,0,0,0,0,-1553.229856,0,0,0,0,0,0,80.24551805,-1947.345635,1788.04911,0,0,0,0,0,0,0,0,-55526.48736,0,0,0,0,45.21993829,74.14423282,45.82545457,0,-56.60531311,38.7133868,2699.290049,32.00441673,0,0,0,0
18-09-2024,40.78837966,433.288919,0,0,0,0,0,-3082.635878,0,0,0,0,0,0,80.25416734,586.9073567,-5320.284589,0,0,0,0,0,0,0,0,-17036.63316,0,0,0,0,45.19733811,61.2298357,45.8447944,0,1567.051416,39.27686115,-4172.077961,31.70715051,0,0,0,0
19-09-2024,-1330.999358,13408.82649,0,0,0,0,0,7635.474848,0,0,0,0,0,0,-137.9950528,454.1095138,3672.791793,0,0,0,0,0,0,0,0,134895.3792,0,0,0,0,1073.054999,652.6106688,463.7203912,0,15929.79938,-213.2182629,3310.519135,249.6165715,0,0,0,0
20-09-2024,3482.72071,-2582.664894,0,0,0,0,0,186.8766162,0,0,0,0,0,0,-1378.690972,1083.219865,-5818.704788,0,0,0,0,0,0,0,0,58580.81534,0,0,0,0,-2910.727115,-4896.970347,-413.4459647,0,4932.226118,-1048.775913,80.52129638,2228.447733,0,0,0,0
23-09-2024,1598.623176,1276.655647,0,0,0,0,0,1097.446309,0,0,0,0,0,0,2670.228889,0,0,0,0,0,0,0,0,0,0,-125635.7937,0,0,0,0,-1300.215247,1164.776581,869.8229728,0,-2907.761856,1177.930826,-1189.282434,1305.802754,471.7904304,1560.917102,0,0
24-09-2024,-47.20326215,-3557.202978,0,0,0,0,0,-1639.432026,0,0,0,0,0,0,-31.8500301,0,0,0,0,0,0,0,0,0,0,88588.48741,0,0,0,0,552.3443995,4941.856693,-351.3336484,0,34066.73592,197.5264523,6197.726912,2137.491382,280.525616,1363.414471,0,0
25-09-2024,-1288.02487,-1125.072274,0,0,0,0,0,-1639.432026,0,0,0,0,0,0,227.2025074,0,0,0,0,0,0,0,0,0,0,-70484.03087,0,0,0,0,-7032.278171,442.3435283,-2241.729712,0,-9774.053515,-507.0183766,-8412.595932,-210.6479694,246.3406952,-2620.595414,0,0
26-09-2024,2751.170772,-3325.444954,0,0,0,0,0,-1341.563464,0,0,0,0,0,0,-268.38103,0,0,0,0,0,0,0,0,0,0,-134179.3049,0,0,0,0,6964.831914,3969.60995,-2285.682385,0,7350.542614,2058.233744,-2891.502773,-1446.837201,-5964.528699,-2352.916031,0,0
27-09-2024,-3359.777332,-2590.07888,0,0,0,0,0,-1006.727896,0,0,0,0,0,0,-4222.285157,0,0,0,0,0,0,0,0,0,0,-102827.871,0,0,0,0,2217.884142,-7030.464105,667.1475719,0,-7209.057602,-1628.448181,-3619.712874,359.443673,-1202.914117,-3630.329177,0,0
30-09-2024,-480.2403215,1263.981509,910.5712883,0,0,0,0,2182.309042,0,0,0,0,0,0,0,0,0,1299.649326,0,0,0,0,0,0,0,87848.57287,0,0,0,0,3069.120113,-16697.16644,635.5714699,0,-5931.295181,0,209.0936572,315.6434763,0,0,0,0
01-10-2024,-4522.478859,-11859.33876,-3591.93762,0,0,0,0,-4859.190316,0,0,0,0,0,0,0,0,0,-1662.332582,0,0,0,0,0,0,0,53890.09781,0,0,0,0,-6349.455706,-11051.31354,-4233.643342,0,13022.26914,0,-1631.096207,-2075.604208,0,0,0,0
02-10-2024,-1227.08,-2960.907113,698.6838268,0,0,0,0,-765.6823756,0,0,0,0,0,0,0,0,0,1803.31474,0,0,372.041047,0,0,0,0,94296.54181,0,0,0,0,-2694.104364,-13082.26038,21.13593324,-2283.11638,3060.820548,0,249.8878709,-137.6403265,0,0,0,0
03-10-2024,0,0,-1467.068399,0,0,0,0,0,0,0,0,0,0,0,0,0,0,-103.8644858,0,0,-1091.743432,0,0,0,0,222915.7125,0,0,0,0,0,0,0,2578.84816,6933.754112,0,2430.192616,0,0,0,0,0
04-10-2024,0,0,177.3942516,0,0,0,0,0,0,0,0,0,0,0,0,0,0,3722.321166,0,0,1026.128236,0,0,0,0,78126.9726,0,0,0,0,0,0,0,7110.64764,1580.879425,0,1484.880888,0,0,0,0,0
07-10-2024,0,0,-1980.24,0,0,0,0,0,0,0,0,0,0,0,0,0,0,-1011.17,0,0,-4274.58,0,0,0,0,13724.54,0,0,0,0,0,0,0,3898.1,9053.15,0,3909.859,0,0,0,0,0
08-10-2024,0,0,4875.319,0,0,0,0,0,0,0,0,0,0,0,0,0,0,3226.9,0,0,3060.954,0,0,0,0,25067.79,0,0,0,0,0,0,0,686.182,-41590.46,0,900.9686,0,0,0,0,0
09-10-2024,0,0,6109.169,0,0,0,0,0,0,0,0,0,0,0,0,0,0,5543.866,0,0,5379.967,0,0,0,0,-50388.89,0,0,0,0,0,0,0,1804.725,-8256.82,0,1792.552,0,0,0,0,0
10-10-2024,0,0,-2590.34,0,0,0,0,0,0,0,0,0,0,0,0,0,0,-2028.42,0,0,-3399.04,0,0,0,0,-76148.31,0,0,0,0,0,0,0,3263.233,18571,0,-8435.5,0,0,0,0,0
11-10-2024,0,0,5352.159,0,0,0,0,0,0,0,0,0,0,0,0,0,0,5132.857,0,0,6795.77,0,0,0,0,80177.78,0,0,0,0,0,0,0,-565.642,14899.2,0,-1607.65,0,0,0,0,0
14-10-2024,0,1821.75,3968.831,0,0,0,0,0,0,0,0,0,0,0,0,0,0,6453.889,0,0,8575.416,0,0,0,0,32269.16,0,0,0,0,0,0,0,2990.007,-20927.06,0,-857.718,0,0,0,110,0
15-10-2024,-431.61,-7635.79,-3640.37,0,0,0,0,0,0,0,0,0,0,0,-4850.77222,0,0,-6875.92,0,0,-9793.66,0,0,0,0,93859.35,0,0,0,0,0,0,0,-7949.58,-15215.58461,0,-4535.18,-7401.176758,-4256.422821,0,1183.677927,0
16-10-2024,784.6942105,535.6641055,-1536.9,0,0,0,0,0,0,0,0,0,0,0,1794.628474,0,0,373.0509,0,0,3012.688,0,0,0,0,38231.38919,0,0,0,0,0,0,0,-2565.5,4271.97815,0,6047.675,6102.137865,1266.52,5867.46312,6588.164636,4728.995911
17-10-2024,710.1683423,-154.9717892,475.8849,0,0,0,0,0,0,0,0,0,0,0,-558.3087657,0,0,2410.344,0,0,3691.873,0,0,0,0,-49977.84419,0,0,0,0,-2737.761976,1332.715389,0,7439.292,-715.3510592,0,1559.69,606.0923838,904.0505273,-365.8290371,-4339.084294,-3905.062269
18-10-2024,-1266.25367,-1020.452928,-1693.71,0,0,0,0,0,0,0,0,0,0,0,1869.391571,0,0,1876.487,0,0,2983.916,0,0,0,0,32741.35147,0,0,0,0,1181.807668,-3783.524013,0,-2187.05,9056.399899,0,5013.321,1461.423,0,1378.322043,2468.111968,5357.005696
21-10-2024,-945.8047032,-4058.831095,-4225.999644,0,0,0,0,0,0,0,0,0,0,0,-3752.489323,0,0,-519.9001505,0,0,-2614.040573,0,0,0,0,-145164.2793,0,0,0,0,-16567.30892,-1773.953622,0,9980.99298,6738.767075,0,-1801.060684,-1820.549401,0,-9680.881397,-6613.376663,-9705.278572
22-10-2024,-5301.862839,-3186.047463,-4409.996668,0,0,0,0,0,0,0,0,0,0,0,-5442.274645,0,0,-1626.552224,0,0,-889.1603768,0,0,0,0,-19498.39182,0,0,0,0,-5323.056646,-170.1300653,0,-3323.34556,23801.67929,0,4222.847142,-993.9191442,0,-3469.885364,-14533.60456,-11550.77658
